c0,c1,c2,c3,c4,c5,c6,c7,c8,c9,c10,c11,c12,c13,c14,c15
5.25320204833406,0.8149852056521922,-0.6772385890872101,2.9431158092120313,-4.8722226405880065,1.6634862278442597,-1.5376198761441628,5.730601112773002,0.002124978054780513,0.0024376166038564406,0.0018123395057045855,0.002124978054780513,0.0024376166038564406,0.0024376166038564406,0.002124978054780513,4.193357366966666
5.996031240938464,1.0801026952685788,-1.1580766775659868,3.2951468154715258,-5.137340130204393,1.8232445264220587,-1.537307237595087,6.369946945633274,0.0024376166038564406,0.002124978054780513,0.0027502551529323682,0.0018123395057045855,0.0024376166038564406,0.002124978054780513,0.0024376166038564406,4.160842957862769
6.071064492716687,1.061657020873099,-1.1046154856740031,3.3201578993976,-5.2864687181136105,1.8204307794803753,-1.537307237595087,6.608490158578206,0.0024376166038564406,0.0024376166038564406,0.002124978054780513,0.002124978054780513,0.0024376166038564406,0.002124978054780513,0.002124978054780513,4.7682996587172966
6.075128793854674,1.0497767560082139,-1.0949236906526494,3.3039006948456517,-5.268648320816283,1.8113642615571734,-1.5376198761441628,6.601924749047612,0.002124978054780513,0.0018123395057045855,0.003062893702008296,0.0014997009566286579,0.002124978054780513,0.002124978054780513,0.002124978054780513,4.793310742643371
6.075754070952826,1.036020659848873,-1.0830434257877641,3.298898478060437,-5.30647758525447,1.8032356592811993,-1.537307237595087,6.605363773087447,0.002124978054780513,0.0018123395057045855,0.0018123395057045855,0.002124978054780513,0.0024376166038564406,0.0024376166038564406,0.002124978054780513,4.791434911348915
6.253020128278877,1.0297678888673545,-1.0542806792727788,3.3448563447745983,-5.494685991798178,1.8082378760664142,-1.5376198761441628,6.647569977212697,0.0018123395057045855,0.002124978054780513,0.002124978054780513,0.002124978054780513,0.0027502551529323682,0.0018123395057045855,0.002124978054780513,4.787057971661852
6.227383767254651,1.0335195514562656,-1.0545933178218547,3.3389162123421556,-5.457794643007219,1.8079252375173382,-1.537307237595087,6.652884832546988,0.0018123395057045855,0.0018123395057045855,0.002124978054780513,0.0014997009566286579,0.002124978054780513,0.002124978054780513,0.0018123395057045855,4.792685465545219
6.2536454053770285,1.0175749854533933,-0.9711188252185821,3.3695547901515965,-5.608486423661816,1.813240092851629,-1.5376198761441628,6.661326073372038,0.0024376166038564406,0.002124978054780513,0.0018123395057045855,0.0024376166038564406,0.0024376166038564406,0.0024376166038564406,0.0024376166038564406,4.792060188447067
6.499066666401632,1.0472756476156064,-1.0330212579356157,3.450528174362262,-5.781062902751728,1.8313731286980328,-1.5376198761441628,6.744175288877159,0.0027502551529323682,0.0018123395057045855,0.0018123395057045855,0.0018123395057045855,0.0024376166038564406,0.002124978054780513,0.002124978054780513,4.820822934962052
6.589419207084575,1.0944840685260715,-1.1302518466982292,3.487732161702297,-5.745109469607996,1.8538831042314996,-1.5376198761441628,6.764184156018018,0.0024376166038564406,0.0024376166038564406,0.0024376166038564406,0.0027502551529323682,0.002124978054780513,0.0024376166038564406,0.0024376166038564406,4.821448212060204
6.61974514634494,1.1585749710866367,-1.256557820524904,3.5302510043766233,-5.6622602541028755,1.8857722362372442,-1.5376198761441628,6.768561095705081,0.0024376166038564406,0.0024376166038564406,0.0024376166038564406,0.0027502551529323682,0.002124978054780513,0.002124978054780513,0.0024376166038564406,4.787370610210928
6.705095470242668,1.1607634409301681,-1.2503050495433854,3.561827497833292,-5.772309023377602,1.8895238988261553,-1.5379325146932388,6.7932595410820795,0.002124978054780513,0.002124978054780513,0.0027502551529323682,0.002124978054780513,0.0018123395057045855,0.0018123395057045855,0.002124978054780513,4.78799588730908
6.691964651181479,1.0972978154677548,-1.1533870993298478,3.513993799824675,-5.839526311428926,1.8557589355259552,-1.537307237595087,6.797011203670991,0.002124978054780513,0.0024376166038564406,0.0014997009566286579,0.002124978054780513,0.002124978054780513,0.0024376166038564406,0.002124978054780513,4.7858074174655485
6.699467976359301,1.1004242009585141,-1.1383804489742033,3.5380669681035215,-5.87454182892543,1.873579332823283,-1.537307237595087,6.80170078190713,0.0018123395057045855,0.0024376166038564406,0.0027502551529323682,0.002124978054780513,0.002124978054780513,0.002124978054780513,0.0024376166038564406,4.788621164407232
6.81858326355723,1.1717057901478256,-1.264686422800878,3.612787581332668,-5.878918768612493,1.91297179000685,-1.5376198761441628,6.837341576501785,0.002124978054780513,0.002124978054780513,0.0018123395057045855,0.0024376166038564406,0.002124978054780513,0.0024376166038564406,0.002124978054780513,4.792685465545219
6.922066623301362,1.1935904885831405,-1.2828194586472819,3.660621279341285,-5.978025188669562,1.9314174644023296,-1.537307237595087,6.8754834794890485,0.0024376166038564406,0.0024376166038564406,0.0018123395057045855,0.002124978054780513,0.002124978054780513,0.002124978054780513,0.0024376166038564406,4.790496995701687
7.090578801253287,1.157011778341257,-1.200282881691237,3.6812554235802963,-6.196559534473636,1.9148476213013055,-1.537307237595087,6.918314960712451,0.002124978054780513,0.002124978054780513,0.002124978054780513,0.0027502551529323682,0.0024376166038564406,0.0018123395057045855,0.0024376166038564406,4.783306309072941
6.960208526288625,1.079477418170427,-1.0670988597848918,3.6034084248603904,-6.197810088669939,1.8623243450565496,-1.537307237595087,6.891740684040997,0.0018123395057045855,0.0024376166038564406,0.002124978054780513,0.0027502551529323682,0.0024376166038564406,0.002124978054780513,0.0018123395057045855,4.793936019741523
6.910498996985552,1.023515117885836,-0.941105524507293,3.579022618032468,-6.286599436607503,1.8510693572898163,-1.5376198761441628,6.874858202390897,0.0024376166038564406,0.0024376166038564406,0.002124978054780513,0.002124978054780513,0.0024376166038564406,0.002124978054780513,0.002124978054780513,4.78955908005446
7.151230679774017,1.1291869474734995,-1.170269580979948,3.6815680621293723,-6.295040677432553,1.9010915251419647,-1.5376198761441628,6.948015622874664,0.002124978054780513,0.002124978054780513,0.002124978054780513,0.0024376166038564406,0.002124978054780513,0.002124978054780513,0.002124978054780513,4.7901843571526115
7.432605373942351,1.2370472469046945,-1.350974662345834,3.817253192428325,-6.395710290235002,1.9636192349571502,-1.537307237595087,7.048685235677112,0.0018123395057045855,0.002124978054780513,0.002124978054780513,0.002124978054780513,0.002124978054780513,0.002124978054780513,0.002124978054780513,4.792685465545219
7.512328203956713,1.2798787281280966,-1.3916176737257047,3.8566456496118917,-6.4132180489832535,1.9873797646869207,-1.5376198761441628,7.081824921879161,0.0024376166038564406,0.002124978054780513,0.002124978054780513,0.002124978054780513,0.0024376166038564406,0.0024376166038564406,0.0024376166038564406,4.786745333112776
7.5142040352511685,1.2495527888677316,-1.2612473987610429,3.8650868904369418,-6.548277902184054,1.9880050417850725,-1.537307237595087,7.082137560428237,0.0024376166038564406,0.002124978054780513,0.002124978054780513,0.0024376166038564406,0.0024376166038564406,0.0024376166038564406,0.002124978054780513,4.78799588730908
7.736802682193229,1.2939474628365133,-1.3150212292021024,3.977011491006124,-6.741801164062053,2.03271235430293,-1.536994599046011,7.150292764126789,0.002124978054780513,0.0014997009566286579,0.002124978054780513,0.002124978054780513,0.0024376166038564406,0.002124978054780513,0.002124978054780513,4.78955908005446
7.961589798978821,1.3571004497498507,-1.463524540013168,4.041727670664841,-6.770876549126115,2.045530534815043,-1.5376198761441628,7.226576570101315,0.002124978054780513,0.0024376166038564406,0.0024376166038564406,0.002124978054780513,0.0024376166038564406,0.002124978054780513,0.0018123395057045855,4.785494778916473
7.801831500401022,1.286756776207767,-1.3534757707384415,3.9529383227272774,-6.725231320961029,2.003324330689793,-1.5376198761441628,7.194374799546495,0.0024376166038564406,0.002124978054780513,0.0024376166038564406,0.0018123395057045855,0.002124978054780513,0.0024376166038564406,0.0024376166038564406,4.791122272799839
7.600179636247049,1.1863998019543942,-1.1680811111364164,3.8607099507498788,-6.730858814844396,1.9508010544450372,-1.537307237595087,7.124656403102563,0.002124978054780513,0.0024376166038564406,0.0024376166038564406,0.002124978054780513,0.0024376166038564406,0.002124978054780513,0.002124978054780513,4.7858074174655485
7.435731759433111,1.101362116605742,-1.031458065190236,3.7631667234381894,-6.680211369894096,1.9007788865928887,-1.5376198761441628,7.060565500541998,0.0027502551529323682,0.0018123395057045855,0.002124978054780513,0.002124978054780513,0.002124978054780513,0.0024376166038564406,0.0024376166038564406,4.787057971661852
7.0652550787781365,1.0172623469043174,-0.958300644706469,3.586838581759366,-6.365384350974637,1.8288720203054254,-1.537307237595087,6.938636466402386,0.0018123395057045855,0.002124978054780513,0.0018123395057045855,0.002124978054780513,0.0024376166038564406,0.0024376166038564406,0.002124978054780513,4.790809634250763
6.260523453456699,0.8925195658230223,-0.8620079715910833,3.2394971537360107,-5.590040749266336,1.714446311343636,-1.5376198761441628,6.684148687454581,0.0024376166038564406,0.0024376166038564406,0.0024376166038564406,0.0027502551529323682,0.0024376166038564406,0.002124978054780513,0.002124978054780513,4.791122272799839
4.92618212600064,0.7840339892936754,-0.9482962111360393,2.7186413309755153,-4.1469012067318545,1.558127036805672,-1.537307237595087,6.303980211778253,0.0024376166038564406,0.0024376166038564406,0.0018123395057045855,0.0018123395057045855,0.002124978054780513,0.002124978054780513,0.0024376166038564406,4.792998104094295
3.4255170904361876,0.6580406540160766,-1.0808549559442326,2.0842977149004582,-2.4767860775682493,1.3417811608451302,-1.5376198761441628,5.868474712915486,0.0027502551529323682,0.002124978054780513,0.0024376166038564406,0.002124978054780513,0.0018123395057045855,0.002124978054780513,0.002124978054780513,4.7986255979776615
2.038652486735373,0.43669256127031986,-0.9120301394432317,1.5165461097785737,-1.3544136863856693,1.1254352848845883,-1.537307237595087,5.500811779202195,0.0024376166038564406,0.002124978054780513,0.0018123395057045855,0.0024376166038564406,0.002124978054780513,0.002124978054780513,0.0018123395057045855,4.801751983468421
1.4568321469050716,0.2759963470452931,-0.6744248421455268,1.2382978011009982,-1.0295822338957805,1.0044441663922044,-1.537307237595087,5.314479203952942,0.0024376166038564406,0.002124978054780513,0.003062893702008296,0.002124978054780513,0.0024376166038564406,0.002124978054780513,0.002124978054780513,4.808317392999015
0.8212379766337108,0.12374137364531634,-0.34677964271395467,0.984435299251345,-0.6784891432835138,0.932537300104741,-1.5376198761441628,5.158159929414978,0.002124978054780513,0.002124978054780513,0.003062893702008296,0.002124978054780513,0.0024376166038564406,0.002124978054780513,0.002124978054780513,4.809255308646243
0.17501409569376847,0.10341986795538105,-0.3008217759997933,0.8034175793363829,-0.07290827372344211,0.9372268783408799,-1.5376198761441628,5.006842871662229,0.002124978054780513,0.002124978054780513,0.0018123395057045855,0.002124978054780513,0.002124978054780513,0.002124978054780513,0.002124978054780513,4.812381694137002
0.2941293828916969,0.27787217833974864,-0.8135489964843146,0.9015860837462242,0.2616149737878004,0.9778698897207505,-1.5376198761441628,4.9968384380918,0.002124978054780513,0.0024376166038564406,0.0024376166038564406,0.0024376166038564406,0.002124978054780513,0.002124978054780513,0.0024376166038564406,4.812069055587926
0.2663045520239393,0.27693426269252086,-0.7982297075795941,0.893770120019326,0.2469209619812318,0.9816215523096616,-1.537307237595087,4.999964823582559,0.0018123395057045855,0.0024376166038564406,0.002124978054780513,0.002124978054780513,0.002124978054780513,0.002124978054780513,0.0024376166038564406,4.810505862842547
0.24754623907938367,0.2738078772017616,-0.7375778290588642,0.9050251077860594,0.21315599868103163,0.9906880702328635,-1.5376198761441628,5.0018406548770145,0.002124978054780513,0.002124978054780513,0.0027502551529323682,0.0027502551529323682,0.002124978054780513,0.0024376166038564406,0.0024376166038564406,4.816758633824065
0.2628655279841041,0.2797480096342042,-0.7156931306235492,0.9090894089240464,0.1956482399327797,0.9941270942726987,-1.5376198761441628,4.998401630837179,0.002124978054780513,0.002124978054780513,0.0024376166038564406,0.002124978054780513,0.002124978054780513,0.002124978054780513,0.002124978054780513,4.812381694137002
0.2613023352387245,0.27818481688882457,-0.7160057691726252,0.9003355295499205,0.20534003495413344,0.992876540076395,-1.537307237595087,4.9971510766408755,0.002124978054780513,0.0024376166038564406,0.0027502551529323682,0.0024376166038564406,0.0024376166038564406,0.002124978054780513,0.002124978054780513,4.810505862842547
0.26192761233687634,0.27693426269252086,-0.7113161909364862,0.9034619150406797,0.1956482399327797,0.9956902870180784,-1.5376198761441628,4.999026907935331,0.0024376166038564406,0.002124978054780513,0.002124978054780513,0.002124978054780513,0.0024376166038564406,0.002124978054780513,0.002124978054780513,4.813006971235154
0.26661719057301525,0.2772469012415968,-0.716631046270777,0.9053377463351353,0.19189657734386856,0.997253479763458,-1.537307237595087,4.998088992288103,0.0018123395057045855,0.002124978054780513,0.002124978054780513,0.0018123395057045855,0.002124978054780513,0.002124978054780513,0.002124978054780513,4.801751983468421
0.259113865395193,0.276308985594369,-0.7000612031697528,0.9053377463351353,0.18501852926419815,0.9994419496069895,-1.537307237595087,4.999339546484407,0.002124978054780513,0.0027502551529323682,0.002124978054780513,0.0027502551529323682,0.0027502551529323682,0.002124978054780513,0.002124978054780513,4.818321826569445
0.2659919134748634,0.2772469012415968,-0.6997485646206769,0.906588300531439,0.17939103538083145,0.9997545881560654,-1.5376198761441628,4.998714269386255,0.002124978054780513,0.0027502551529323682,0.0024376166038564406,0.002124978054780513,0.0024376166038564406,0.002124978054780513,0.002124978054780513,4.816445995274989
0.26411608218040783,0.276308985594369,-0.6947463478354621,0.9053377463351353,0.18314269796974258,0.9981913954106858,-1.5376198761441628,4.995900522444572,0.0024376166038564406,0.0024376166038564406,0.0024376166038564406,0.002124978054780513,0.002124978054780513,0.0024376166038564406,0.0024376166038564406,4.812694332686078
0.263490805082256,0.27693426269252086,-0.6997485646206769,0.9053377463351353,0.1800163124789833,0.9994419496069895,-1.5376198761441628,4.995900522444572,0.0018123395057045855,0.002124978054780513,0.002124978054780513,0.0018123395057045855,0.002124978054780513,0.002124978054780513,0.002124978054780513,4.803940453311952
0.280685925281432,0.26098969668964855,-0.6963095405808417,0.9162800955527928,0.13499636141204974,0.9791204439170542,-1.5379325146932388,5.000590100680711,0.002124978054780513,0.002124978054780513,0.0024376166038564406,0.0024376166038564406,0.002124978054780513,0.002124978054780513,0.002124978054780513,4.808630031548091
0.26880566041654674,0.27005621461285045,-0.7060013356021955,0.9140916257092613,0.15875689114182023,0.9916259858800913,-1.5376198761441628,4.998401630837179,0.0018123395057045855,0.002124978054780513,0.0014997009566286579,0.002124978054780513,0.0024376166038564406,0.002124978054780513,0.0024376166038564406,4.810193224293471
-0.05164885238627903,0.28381231077219127,-0.6544159750046674,0.8700095902895555,0.4279386818961939,1.0225772022386082,-1.5376198761441628,4.964949306086055,0.002124978054780513,0.0024376166038564406,0.0014997009566286579,0.002124978054780513,0.002124978054780513,0.002124978054780513,0.0018123395057045855,4.809880585744395
-0.4408838459858089,0.27130676880915416,-0.8026066472666571,0.7233821107729455,1.0594685510295676,0.9294109146139817,-1.537307237595087,4.841457079201064,0.002124978054780513,0.002124978054780513,0.0027502551529323682,0.0018123395057045855,0.0018123395057045855,0.002124978054780513,0.002124978054780513,4.81331960978423
-0.7991676232268219,0.24473249213770032,-1.0195778003253508,0.5817568480415503,1.6184662767773261,0.8465616991088609,-1.5376198761441628,4.747665514478285,0.0024376166038564406,0.0024376166038564406,0.0024376166038564406,0.002124978054780513,0.002124978054780513,0.002124978054780513,0.0018123395057045855,4.813006971235154
-1.0758527391590178,0.250359986021067,-0.9332895607803948,0.6177102811852819,1.787603731827403,0.8365572655384312,-1.5379325146932388,4.675446009641746,0.002124978054780513,0.0024376166038564406,0.0018123395057045855,0.003062893702008296,0.0024376166038564406,0.0024376166038564406,0.002124978054780513,4.812381694137002
-1.6595489102837746,0.1618832766325795,-1.1149325577935087,0.4482601875861292,2.516989466821542,0.6918056173162768,-1.537307237595087,4.56383404762164,0.002124978054780513,0.0024376166038564406,0.0024376166038564406,0.0018123395057045855,0.0024376166038564406,0.0018123395057045855,0.0024376166038564406,4.819259742216673
-2.2307395394454943,0.073406567244092,-1.2377995075803483,0.28912716610648204,3.2051069133376586,0.574253522863728,-1.537307237595087,4.428774194420839,0.002124978054780513,0.002124978054780513,0.0024376166038564406,0.0018123395057045855,0.002124978054780513,0.002124978054780513,0.0024376166038564406,4.818321826569445
-3.022965622803895,0.011191495977982413,-0.9889392225159099,0.23160167307651136,3.772858518459543,0.5486171618395019,-1.5376198761441628,4.268077980195812,0.0024376166038564406,0.0018123395057045855,0.003062893702008296,0.002124978054780513,0.002124978054780513,0.002124978054780513,0.0024376166038564406,4.818321826569445
-3.696389057513443,-0.013194310849939939,-0.9429813558017486,0.20627795060136123,4.288712124434824,0.5035972107725684,-1.537307237595087,4.129266464406101,0.002124978054780513,0.002124978054780513,0.0027502551529323682,0.002124978054780513,0.0018123395057045855,0.002124978054780513,0.0024376166038564406,4.825199874649115
-4.015593016119965,-0.04570871995383641,-0.9733072950621136,0.1412491323935683,4.754543562557956,0.4351293685249402,-1.5376198761441628,4.041727670664841,0.0024376166038564406,0.0024376166038564406,0.002124978054780513,0.002124978054780513,0.0024376166038564406,0.0024376166038564406,0.0024376166038564406,4.828326260139875
-4.4185841058788355,-0.12480627287004609,-1.057407064763538,0.03213827876606956,5.2478871929997695,0.328206984740973,-1.537307237595087,3.9601290093560237,0.0018123395057045855,0.0024376166038564406,0.002124978054780513,0.002124978054780513,0.002124978054780513,0.0024376166038564406,0.002124978054780513,4.8248872361000394
-4.815635063205264,-0.07916104470496066,-1.2543693506813725,0.02588550778455101,5.792503545490035,0.30163270806951914,-1.537307237595087,3.8825946491851937,0.0024376166038564406,0.002124978054780513,0.0024376166038564406,0.002124978054780513,0.0024376166038564406,0.0018123395057045855,0.0018123395057045855,4.831452645630634
-5.066683818113233,-0.08228743019571993,-1.2662496155462577,-0.006941539868421387,6.087634335817711,0.27443315429991344,-1.537307237595087,3.8231933248607675,0.002124978054780513,0.002124978054780513,0.0018123395057045855,0.002124978054780513,0.0018123395057045855,0.0018123395057045855,0.002124978054780513,4.827700983041723
-5.07387450474198,-0.12480627287004609,-1.3662939512505545,-0.04695927415014012,6.209563369957323,0.21002961319027236,-1.5376198761441628,3.8094372287014266,0.002124978054780513,0.002124978054780513,0.002124978054780513,0.0024376166038564406,0.0024376166038564406,0.0024376166038564406,0.002124978054780513,4.829576814336178
-5.482180449835141,-0.09948255039489595,-1.3741099149774527,-0.08572645423555514,6.625372640228306,0.21784557691717055,-1.537307237595087,3.747847434533469,0.0018123395057045855,0.0027502551529323682,0.002124978054780513,0.0024376166038564406,0.0018123395057045855,0.002124978054780513,0.002124978054780513,4.830514729983406
-5.662885531201027,-0.19577522351028165,-1.3156465063002543,-0.1601344289156259,6.652884832546988,0.1584442525927443,-1.5376198761441628,3.7059538689572946,0.0024376166038564406,0.002124978054780513,0.002124978054780513,0.0027502551529323682,0.0024376166038564406,0.0024376166038564406,0.002124978054780513,4.8248872361000394
-5.716659361642087,-0.23422976504662074,-1.1549502920752275,-0.15075527244334808,6.673518976785999,0.17001187890855363,-1.5376198761441628,3.6896966644053464,0.002124978054780513,0.0024376166038564406,0.0024376166038564406,0.0018123395057045855,0.002124978054780513,0.0024376166038564406,0.0024376166038564406,4.827388344492647
-5.9861537909455365,-0.1488794411488925,-1.2462407484053983,-0.1260568270663498,7.045871488735429,0.19721143267815933,-1.537307237595087,3.6409250507495017,0.0018123395057045855,0.0024376166038564406,0.002124978054780513,0.0024376166038564406,0.002124978054780513,0.002124978054780513,0.0024376166038564406,4.827700983041723
-6.152164860504854,-0.1545069350322592,-1.1618283401548979,-0.12511891141912201,7.086201861566224,0.20877905899396865,-1.5376198761441628,3.6077853645474534,0.002124978054780513,0.0024376166038564406,0.0027502551529323682,0.0024376166038564406,0.0024376166038564406,0.002124978054780513,0.002124978054780513,4.827388344492647
-6.360382134189422,-0.16669983844622038,-1.2468660255035502,-0.1463783327562851,7.450425771239679,0.17720256553729996,-1.5376198761441628,3.5587011123425327,0.0018123395057045855,0.002124978054780513,0.0018123395057045855,0.002124978054780513,0.002124978054780513,0.0024376166038564406,0.002124978054780513,4.8289515372380265
-6.886240173735132,-0.0772852134105051,-1.3322163494012784,-0.17107677813328337,8.017864737812488,0.21440655287733534,-1.5376198761441628,3.4733507884448045,0.0024376166038564406,0.002124978054780513,0.002124978054780513,0.0027502551529323682,0.002124978054780513,0.0024376166038564406,0.0024376166038564406,4.83176528417971
-6.712413140448916,-0.12449363432097016,-1.2725023865277763,-0.1579459590720944,7.720232839092205,0.19502296283462783,-1.5376198761441628,3.48366786056431,0.002124978054780513,0.002124978054780513,0.0024376166038564406,0.002124978054780513,0.002124978054780513,0.002124978054780513,0.0018123395057045855,4.830827368532482
-6.848098270747869,-0.15263110373780364,-1.260934760211967,-0.20577965708071133,7.896873619320104,0.17939103538083145,-1.537307237595087,3.4683485716595897,0.0024376166038564406,0.0024376166038564406,0.0018123395057045855,0.0018123395057045855,0.0027502551529323682,0.002124978054780513,0.002124978054780513,4.835204308219545
-6.986597147988505,-0.13356015224417206,-1.2549946277795243,-0.19483730786305387,8.001920171809616,0.1822047823225148,-1.5376198761441628,3.4439627648316673,0.0024376166038564406,0.0024376166038564406,0.0024376166038564406,0.002124978054780513,0.002124978054780513,0.002124978054780513,0.002124978054780513,4.834579031121393
-6.920005137035332,-0.10698587557271821,-1.1511986294863163,-0.15075527244334808,7.867485595706967,0.22378570934961317,-1.5376198761441628,3.4464638732242747,0.0024376166038564406,0.0024376166038564406,0.0018123395057045855,0.002124978054780513,0.0024376166038564406,0.0024376166038564406,0.002124978054780513,4.83176528417971
-6.930009570605762,-0.09573088780598482,-1.12712546120747,-0.13543598353862762,7.798392476361187,0.24473249213770032,-1.537307237595087,3.4477144274205784,0.002124978054780513,0.002124978054780513,0.0014997009566286579,0.0014997009566286579,0.002124978054780513,0.002124978054780513,0.0024376166038564406,4.832390561277862
-6.955020654531836,-0.04383288865938084,-1.14400794285757,-0.09291714086430147,7.9071906914396095,0.28381231077219127,-1.537307237595087,3.446151234675199,0.0024376166038564406,0.0018123395057045855,0.0018123395057045855,0.0018123395057045855,0.002124978054780513,0.002124978054780513,0.0018123395057045855,4.834579031121393
-7.06913372494455,-0.02851359975466039,-1.1777729061577702,-0.10198365878750337,8.063509965977573,0.28256175657588756,-1.537307237595087,3.4180137652583653,0.002124978054780513,0.0024376166038564406,0.002124978054780513,0.0018123395057045855,0.002124978054780513,0.002124978054780513,0.0018123395057045855,4.800188790723041
-7.107275627931813,-0.027575684107432608,-1.1533870993298478,-0.0876022855300107,8.019427930557868,0.2991315996769117,-1.537307237595087,3.4205148736509727,0.002124978054780513,0.002124978054780513,0.002124978054780513,0.0027502551529323682,0.0024376166038564406,0.0024376166038564406,0.0024376166038564406,4.860215392145619
-6.903435293934308,-0.014757503595319577,-1.148072243995557,-0.05321204513165867,7.8033946931464016,0.30976131034549326,-1.537307237595087,3.4511534514604136,0.002124978054780513,0.002124978054780513,0.002124978054780513,0.002124978054780513,0.0024376166038564406,0.0018123395057045855,0.002124978054780513,4.8636544161854545
-6.645508490946668,0.0055640020946157165,-1.183087761492061,-0.017883889086078852,7.5836097931460245,0.32195421375945443,-1.537307237595087,3.4958607639782713,0.0024376166038564406,0.002124978054780513,0.002124978054780513,0.0027502551529323682,0.002124978054780513,0.0024376166038564406,0.0024376166038564406,4.830514729983406
-6.063062874018215,-0.0035025158285861835,-1.3475356383059989,-0.019134443282382563,7.126844872946094,0.2866260577138746,-1.5376198761441628,3.5980935695260996,0.002124978054780513,0.002124978054780513,0.002124978054780513,0.002124978054780513,0.002124978054780513,0.002124978054780513,0.002124978054780513,4.822073489158356
-5.046362312423298,-0.1226178030265146,-1.4222562515351456,-0.11667767059407197,6.168920358577452,0.22847528758575208,-1.537307237595087,3.790366277207795,0.002124978054780513,0.0024376166038564406,0.0024376166038564406,0.002124978054780513,0.002124978054780513,0.002124978054780513,0.0024376166038564406,4.826137790296343
-3.7970586703158915,-0.2429836444207467,-1.4800943831141922,-0.15294374228687957,4.918366162273742,0.18626908346050186,-1.537307237595087,4.041102393566689,0.002124978054780513,0.0024376166038564406,0.003062893702008296,0.002124978054780513,0.002124978054780513,0.002124978054780513,0.0018123395057045855,4.824261959001888
-2.5977771960606333,-0.267682089797745,-1.3394070360300248,-0.04914774399367161,3.5243108719441807,0.2794353710851283,-1.537307237595087,4.295277533965418,0.0018123395057045855,0.002124978054780513,0.002124978054780513,0.0024376166038564406,0.002124978054780513,0.002124978054780513,0.002124978054780513,4.819259742216673
-1.6945644277802785,-0.1476288869525888,-1.0649103899413603,0.18501852926419815,2.4278874803349026,0.48327570508263307,-1.5376198761441628,4.505683277493517,0.002124978054780513,0.0018123395057045855,0.002124978054780513,0.0024376166038564406,0.002124978054780513,0.002124978054780513,0.002124978054780513,4.817696549471293
-0.9554868977647857,0.022446483744715806,-0.8857685013208538,0.43794311546662357,1.6519186015284504,0.6702335574300378,-1.537307237595087,4.675446009641746,0.002124978054780513,0.002124978054780513,0.0024376166038564406,0.0024376166038564406,0.0024376166038564406,0.0024376166038564406,0.0024376166038564406,4.812694332686078
-0.5803206388736726,0.12811831333237933,-0.8470013212354388,0.5761293541581836,1.2936348242874374,0.7680894232908031,-1.5376198761441628,4.7770535380914225,0.0024376166038564406,0.0024376166038564406,0.0024376166038564406,0.0018123395057045855,0.0024376166038564406,0.002124978054780513,0.002124978054780513,4.808317392999015
-0.5922009037385578,0.1537546743566054,-0.8013560930703534,0.5895728117684484,1.239548355297302,0.8109209045142052,-1.537307237595087,4.79487393538875,0.002124978054780513,0.0024376166038564406,0.002124978054780513,0.002124978054780513,0.002124978054780513,0.0024376166038564406,0.002124978054780513,4.809567947195319
-0.3786687747196993,0.16657285486871842,-0.6897441310502472,0.6833643764912267,0.8478122533051646,0.876262361271074,-1.5376198761441628,4.834891669670469,0.0024376166038564406,0.002124978054780513,0.002124978054780513,0.0014997009566286579,0.0024376166038564406,0.0024376166038564406,0.0024376166038564406,4.812069055587926
-0.03507900928525487,0.18032895102805924,-0.655979167750047,0.7693399774871068,0.4757723799048108,0.9215949508870835,-1.537307237595087,4.90773645160516,0.0027502551529323682,0.0024376166038564406,0.002124978054780513,0.0027502551529323682,0.002124978054780513,0.002124978054780513,0.002124978054780513,4.810505862842547
0.1471892648260109,0.22347307080053724,-0.621901565900771,0.8415594823236461,0.2094043360921205,0.9950650099199265,-1.537307237595087,4.975266378205561,0.002124978054780513,0.002124978054780513,0.0018123395057045855,0.0027502551529323682,0.002124978054780513,0.002124978054780513,0.002124978054780513,4.810505862842547
0.2137812757791835,0.28568814206664683,-0.6744248421455268,0.9309741073593614,0.1437502407861757,1.0347701056525693,-1.537307237595087,5.004029124720546,0.002124978054780513,0.002124978054780513,0.0018123395057045855,0.0024376166038564406,0.002124978054780513,0.0024376166038564406,0.002124978054780513,4.805191007508256
0.2885018890083302,0.29506729853892466,-0.6825534444215009,0.9350384084973484,0.16657285486871842,1.018825539649697,-1.5376198761441628,4.987459281619522,0.0024376166038564406,0.0018123395057045855,0.002124978054780513,0.0018123395057045855,0.002124978054780513,0.0024376166038564406,0.002124978054780513,4.804565730410104
0.263490805082256,0.2875639733611024,-0.6938084321882343,0.9119031558657298,0.20283892656152602,1.0166370698061655,-1.5376198761441628,4.991523582757509,0.002124978054780513,0.002124978054780513,0.0027502551529323682,0.002124978054780513,0.0024376166038564406,0.002124978054780513,0.0024376166038564406,4.809880585744395
0.24660832343215588,0.2885018890083302,-0.6988106489734491,0.9162800955527928,0.1890828304021852,1.0210140094932285,-1.537307237595087,4.99527524534642,0.0024376166038564406,0.002124978054780513,0.0018123395057045855,0.0024376166038564406,0.002124978054780513,0.0024376166038564406,0.002124978054780513,4.804253091861028
0.25504956425720593,0.29037772030278575,-0.7006864802679047,0.9212823123380076,0.18595644491142593,1.018825539649697,-1.537307237595087,4.994962606797344,0.002124978054780513,0.002124978054780513,0.0024376166038564406,0.0024376166038564406,0.002124978054780513,0.002124978054780513,0.0018123395057045855,4.805503646057332
0.26005178104242077,0.29037772030278575,-0.703500227209588,0.9181559268472483,0.19283449299109634,1.0178876240024692,-1.5376198761441628,4.993399414051964,0.002124978054780513,0.0018123395057045855,0.002124978054780513,0.0024376166038564406,0.002124978054780513,0.002124978054780513,0.0024376166038564406,4.802064622017497
0.25536220280628186,0.28943980465555796,-0.6991232875225251,0.9178432882981724,0.19314713154017227,1.0169497083552415,-1.5376198761441628,4.994962606797344,0.002124978054780513,0.0018123395057045855,0.0024376166038564406,0.002124978054780513,0.002124978054780513,0.002124978054780513,0.0024376166038564406,4.805816284606408
0.2534863715118263,0.2885018890083302,-0.6975600947771454,0.919406481043552,0.18939546895126114,1.0182002625515452,-1.537307237595087,4.994962606797344,0.002124978054780513,0.0018123395057045855,0.002124978054780513,0.0014997009566286579,0.002124978054780513,0.0018123395057045855,0.002124978054780513,4.804565730410104
0.25067262457014294,0.2875639733611024,-0.6947463478354621,0.9200317581417039,0.18595644491142593,1.018512901100621,-1.537307237595087,4.995900522444572,0.002124978054780513,0.0018123395057045855,0.002124978054780513,0.0018123395057045855,0.002124978054780513,0.002124978054780513,0.002124978054780513,4.808004754449939
0.25286109441367444,0.2885018890083302,-0.6897441310502472,0.9190938424944761,0.18751963765680557,1.0182002625515452,-1.5376198761441628,4.995587883895496,0.0027502551529323682,0.0027502551529323682,0.002124978054780513,0.0024376166038564406,0.002124978054780513,0.002124978054780513,0.002124978054780513,4.806128923155484
0.2516105402173707,0.2885018890083302,-0.6938084321882343,0.9172180112000206,0.19220921589294448,1.0182002625515452,-1.5376198761441628,4.996213160993648,0.0024376166038564406,0.0024376166038564406,0.0024376166038564406,0.002124978054780513,0.002124978054780513,0.0018123395057045855,0.0018123395057045855,4.810505862842547
0.22597417919314466,0.27568370849621715,-0.6869303841085639,0.8965838669610093,0.20909169754304457,1.006007359137584,-1.5376198761441628,4.992774136953813,0.0024376166038564406,0.002124978054780513,0.002124978054780513,0.0027502551529323682,0.002124978054780513,0.002124978054780513,0.0024376166038564406,4.805503646057332
0.12811831333237933,0.21034225173934828,-0.6975600947771454,0.8065439648271422,0.29256619014631724,0.9594242153252708,-1.5376198761441628,4.973390546911105,0.002124978054780513,0.002124978054780513,0.002124978054780513,0.0024376166038564406,0.002124978054780513,0.002124978054780513,0.002124978054780513,4.803940453311952
0.17595201134099625,0.16000744533812394,-0.8779525375939556,0.764025122152816,0.345402104940149,0.9375395168899558,-1.5376198761441628,4.977454848049092,0.0024376166038564406,0.002124978054780513,0.0018123395057045855,0.0027502551529323682,0.002124978054780513,0.002124978054780513,0.002124978054780513,4.8073794773517875
0.3031959008148988,0.30382117791305063,-0.79010110530362,0.9744308656809153,0.10873472328967182,1.109490718881716,-1.5376198761441628,5.006530233113153,0.002124978054780513,0.0018123395057045855,0.003062893702008296,0.002124978054780513,0.002124978054780513,0.0024376166038564406,0.002124978054780513,4.807066838802712
0.29725576838245615,0.5020340180271887,-0.4286909425718477,1.209222416036937,-0.16732511554437224,1.2698742945576669,-1.537307237595087,5.003403847622394,0.0018123395057045855,0.002124978054780513,0.0018123395057045855,0.0027502551529323682,0.002124978054780513,0.002124978054780513,0.002124978054780513,4.7945612968396745
0.04558173637633445,0.6539763528780895,0.03526466425682884,1.3736702928508748,-0.40336722009669757,1.4683997732208809,-1.5376198761441628,4.952131125573942,0.0018123395057045855,0.0024376166038564406,0.0018123395057045855,0.0027502551529323682,0.002124978054780513,0.0024376166038564406,0.0024376166038564406,4.779867285033106
-0.03226526234357152,0.6746104971171007,0.1256172049397719,1.4146259427798213,-0.47777519477676833,1.5271758204471553,-1.537307237595087,4.935561282472918,0.002124978054780513,0.0024376166038564406,0.0024376166038564406,0.002124978054780513,0.0024376166038564406,0.002124978054780513,0.002124978054780513,4.860840669243771
-0.33646257059444906,0.9825594679568894,0.9200317581417039,1.7666569490393158,-0.9479835725869634,1.838876453875855,-1.537307237595087,4.857401645203936,0.0024376166038564406,0.002124978054780513,0.002124978054780513,0.0024376166038564406,0.002124978054780513,0.002124978054780513,0.002124978054780513,4.782681031974789
-0.9295378981914837,1.273938595695654,1.899840970945661,2.0136414028092986,-1.3369059276374173,2.058973992425308,-1.537307237595087,4.732971502671717,0.0024376166038564406,0.0024376166038564406,0.0018123395057045855,0.0024376166038564406,0.0024376166038564406,0.0024376166038564406,0.0024376166038564406,4.8289515372380265
-1.5394957074386184,1.3527235100627877,2.520741129410453,1.994883089864743,-1.446016781264916,2.063350932112371,-1.5379325146932388,4.597911649470916,0.002124978054780513,0.0027502551529323682,0.002124978054780513,0.0024376166038564406,0.002124978054780513,0.002124978054780513,0.002124978054780513,4.813632248333306
-1.9850056398718152,1.4146259427798213,3.307652357434563,2.0480316432076506,-1.791795016542892,2.093989509921812,-1.5379325146932388,4.495053566824936,0.0024376166038564406,0.002124978054780513,0.0024376166038564406,0.0024376166038564406,0.002124978054780513,0.002124978054780513,0.002124978054780513,4.810193224293471
-2.7165798447094858,1.2139119942730758,4.433776411206054,1.8420028393666144,-2.175089877709979,1.917348729693913,-1.5376198761441628,4.33810901518882,0.0024376166038564406,0.002124978054780513,0.0027502551529323682,0.002124978054780513,0.002124978054780513,0.002124978054780513,0.002124978054780513,4.819572380765749
-3.5391318673282512,1.0203887323950767,5.479239719315956,1.6416015294089448,-2.4927306435711216,1.7879163703764789,-1.536994599046011,4.170847391433199,0.0018123395057045855,0.0024376166038564406,0.0024376166038564406,0.002124978054780513,0.002124978054780513,0.002124978054780513,0.002124978054780513,4.818321826569445
-4.118138460216869,0.9759940584262949,6.5084458228739095,1.631909734387591,-2.905413528351346,1.7994839966922882,-1.5376198761441628,4.032973791290715,0.0024376166038564406,0.0018123395057045855,0.0027502551529323682,0.0018123395057045855,0.002124978054780513,0.002124978054780513,0.002124978054780513,4.817383910922217
-4.40670384101395,1.0851049120537937,7.141851523301739,1.7757234669625177,-3.247127462491335,1.9417345365218353,-1.537307237595087,3.9601290093560237,0.002124978054780513,0.002124978054780513,0.0024376166038564406,0.002124978054780513,0.002124978054780513,0.0024376166038564406,0.002124978054780513,4.823949320452812
-4.703397824087006,1.1585749710866367,7.487942397128791,1.7416458651132416,-3.2580698117089923,1.878268911059422,-1.5376198761441628,3.8972886609917623,0.0018123395057045855,0.0018123395057045855,0.0014997009566286579,0.002124978054780513,0.0024376166038564406,0.0018123395057045855,0.0024376166038564406,4.820822934962052
-5.3083534165489255,1.07541311703244,8.202634120316361,1.627532794700528,-3.4128258935015765,1.7969828882996808,-1.537307237595087,3.7966190481893136,0.002124978054780513,0.002124978054780513,0.002124978054780513,0.0018123395057045855,0.0024376166038564406,0.0018123395057045855,0.002124978054780513,4.822073489158356
-5.595980881698779,1.0826038036611862,8.69785358205263,1.6478543003904633,-3.600721661496209,1.8792068267066497,-1.5376198761441628,3.725962736098154,0.002124978054780513,0.002124978054780513,0.0014997009566286579,0.0024376166038564406,0.002124978054780513,0.0024376166038564406,0.0024376166038564406,4.832390561277862
-5.630058483548055,1.2576813911437057,8.896066422166768,1.8504440801916644,-3.782052019960247,2.098991726707027,-1.537307237595087,3.709080254448054,0.002124978054780513,0.002124978054780513,0.0024376166038564406,0.0018123395057045855,0.0024376166038564406,0.002124978054780513,0.0018123395057045855,4.827075705943571
-5.795131637460145,1.3833620878722286,9.141175044642296,1.9132844285559258,-3.8824089942136197,2.1230648949858733,-1.5376198761441628,3.682818616325676,0.0018123395057045855,0.0024376166038564406,0.0024376166038564406,0.0018123395057045855,0.002124978054780513,0.0024376166038564406,0.0024376166038564406,4.827700983041723
-5.861411009864241,1.4449518820401863,9.325631788597093,1.9964462826101226,-4.022471064199635,2.210603688727133,-1.537307237595087,3.6678119659700315,0.0024376166038564406,0.002124978054780513,0.002124978054780513,0.0018123395057045855,0.0024376166038564406,0.0027502551529323682,0.002124978054780513,4.83176528417971
-5.630058483548055,1.4871580861654365,9.124917840090347,2.097741172510723,-4.060925605735974,2.3068963618425187,-1.537307237595087,3.6981379052303964,0.002124978054780513,0.0024376166038564406,0.0024376166038564406,0.002124978054780513,0.002124978054780513,0.0024376166038564406,0.002124978054780513,4.822698766256508
-5.4030828969189315,1.563129253590887,8.786642929990194,2.176213448328781,-3.9515021135593997,2.375364204090147,-1.5376198761441628,3.7447210490427096,0.0024376166038564406,0.0024376166038564406,0.002124978054780513,0.0024376166038564406,0.002124978054780513,0.002124978054780513,0.002124978054780513,4.8289515372380265
-5.189863406449149,1.519359856720257,8.424920128709346,2.1299429430655437,-3.782052019960247,2.3428497949862503,-1.5376198761441628,3.7787986508919857,0.0024376166038564406,0.0018123395057045855,0.002124978054780513,0.0018123395057045855,0.002124978054780513,0.002124978054780513,0.0018123395057045855,4.826450428845419
-5.184861189663934,1.4068099790529232,8.318935660572606,2.0223952821834246,-3.695138503317139,2.253747808499611,-1.5379325146932388,3.7972443252874655,0.002124978054780513,0.0018123395057045855,0.002124978054780513,0.0014997009566286579,0.002124978054780513,0.002124978054780513,0.002124978054780513,4.827700983041723
-4.940377844286559,1.3939917985408101,7.834658548053994,1.9633065964080743,-3.41563964044326,2.163395267816668,-1.537307237595087,3.8444527461979305,0.002124978054780513,0.002124978054780513,0.0027502551529323682,0.002124978054780513,0.0018123395057045855,0.0024376166038564406,0.002124978054780513,4.827388344492647
-4.434528671881708,1.3677301604184322,7.081512283330085,1.938608151031076,-3.138329247412912,2.1086835217283806,-1.5376198761441628,3.932929455586418,0.0024376166038564406,0.002124978054780513,0.0024376166038564406,0.002124978054780513,0.0024376166038564406,0.0024376166038564406,0.002124978054780513,4.829264175787102
-3.9183624273573514,1.1820228622673312,6.249893742788117,1.7879163703764789,-2.828504445278668,1.9661203433497576,-1.5376198761441628,4.04641724890098,0.002124978054780513,0.0024376166038564406,0.0024376166038564406,0.0024376166038564406,0.0018123395057045855,0.002124978054780513,0.0024376166038564406,4.8158207181768375
-3.118007741722977,1.0338321900053415,4.991210944208433,1.6634862278442597,-2.345165248407284,1.8254329962655902,-1.5376198761441628,4.204299716184323,0.002124978054780513,0.0024376166038564406,0.0014997009566286579,0.002124978054780513,0.0024376166038564406,0.0024376166038564406,0.0024376166038564406,4.8245745975509635
-1.860575497339596,0.9137789871601854,2.906224460421072,1.5334285914286738,-1.4697773109946866,1.6416015294089448,-1.5376198761441628,4.465352904662723,0.0018123395057045855,0.002124978054780513,0.002124978054780513,0.0018123395057045855,0.002124978054780513,0.002124978054780513,0.002124978054780513,4.822698766256508
-0.32708341412217123,0.699621581043175,0.34258835799846565,1.2923842700911337,-0.3767929434252437,1.3405306066488265,-1.537307237595087,4.795811851035978,0.002124978054780513,0.002124978054780513,0.002124978054780513,0.002124978054780513,0.002124978054780513,0.002124978054780513,0.002124978054780513,4.813632248333306
0.28600078061572276,0.44357060934999026,-0.5903250724441023,1.0741625628361362,-0.0025646001813584007,1.1304375016698032,-1.5376198761441628,4.98683400452137,0.0024376166038564406,0.0024376166038564406,0.0027502551529323682,0.0018123395057045855,0.002124978054780513,0.0024376166038564406,0.0024376166038564406,4.810818501391623
0.5057856806160999,0.34039988815493416,-0.9348527535257745,0.9547346370891319,0.22034668530977797,0.9978787568616099,-1.537307237595087,5.044359497551341,0.002124978054780513,0.002124978054780513,0.0024376166038564406,0.002124978054780513,0.0024376166038564406,0.0024376166038564406,0.002124978054780513,4.806754200253636
0.4329408986814087,0.3575950083541102,-0.9792474274945562,0.9537967214419041,0.28475022641941905,1.0197634552969248,-1.5376198761441628,5.046235328845796,0.002124978054780513,0.0024376166038564406,0.0018123395057045855,0.0018123395057045855,0.0024376166038564406,0.0024376166038564406,0.002124978054780513,4.80644156170456
0.34258835799846565,0.29631785273522837,-0.7619636358867865,0.9447302035187022,0.18408061361697037,0.997566118312534,-1.5376198761441628,5.0059049560150015,0.002124978054780513,0.0024376166038564406,0.0018123395057045855,0.0018123395057045855,0.002124978054780513,0.002124978054780513,0.002124978054780513,4.810505862842547
0.2578633111988893,0.2788100939869764,-0.742580045844079,0.8884552646850352,0.25286109441367444,0.9897501545856358,-1.537307237595087,4.991210944208433,0.0018123395057045855,0.0024376166038564406,0.0014997009566286579,0.002124978054780513,0.002124978054780513,0.0024376166038564406,0.002124978054780513,4.80644156170456
0.24598304633400403,0.2853755035175709,-0.734138805019029,0.9175306497490965,0.18689436055865372,1.0131980457663303,-1.537307237595087,5.0015280163279385,0.002124978054780513,0.002124978054780513,0.0024376166038564406,0.003062893702008296,0.002124978054780513,0.002124978054780513,0.002124978054780513,4.810193224293471
0.263490805082256,0.2819364794777357,-0.7041255043077399,0.906900939080515,0.19658615558000747,1.0028809736468247,-1.5376198761441628,4.996213160993648,0.0018123395057045855,0.0018123395057045855,0.002124978054780513,0.0024376166038564406,0.002124978054780513,0.0018123395057045855,0.0024376166038564406,4.840519163553836
0.25504956425720593,0.28131120237958385,-0.6913073237956269,0.9100273245712742,0.1947103242855519,1.0031936121959006,-1.537307237595087,4.998401630837179,0.002124978054780513,0.002124978054780513,0.0024376166038564406,0.002124978054780513,0.002124978054780513,0.0024376166038564406,0.002124978054780513,4.831452645630634
0.2672424676711671,0.276308985594369,-0.7025623115623603,0.9034619150406797,0.18814491475495743,0.9947523713708506,-1.5379325146932388,4.998088992288103,0.002124978054780513,0.0027502551529323682,0.0018123395057045855,0.0014997009566286579,0.002124978054780513,0.002124978054780513,0.002124978054780513,4.808630031548091
0.34039988815493416,0.25661275700258557,-0.7969791533832904,0.8843909635470482,0.21909613111347426,0.9528588057946763,-1.537307237595087,5.017159943781735,0.002124978054780513,0.002124978054780513,0.002124978054780513,0.0014997009566286579,0.002124978054780513,0.002124978054780513,0.0024376166038564406,4.8030025376647245
0.4407568624083069,0.22816264903667616,-0.8488771525298944,0.8612557109154295,0.16594757777056657,0.9106526016694261,-1.537307237595087,5.0362308952753665,0.0024376166038564406,0.002124978054780513,0.0018123395057045855,0.002124978054780513,0.002124978054780513,0.002124978054780513,0.0024376166038564406,4.811443778489775
0.42731340479804203,0.22347307080053724,-0.8545046464132611,0.8453111449125572,0.1446881564334035,0.8890805417831871,-1.537307237595087,5.0406078349624295,0.002124978054780513,0.0024376166038564406,0.002124978054780513,0.0027502551529323682,0.0024376166038564406,0.0024376166038564406,0.002124978054780513,4.803940453311952
0.517978584030061,0.2262868177422206,-1.1068039555175346,0.8140472900049645,0.2816238409286598,0.8584419639737462,-1.5376198761441628,5.058740870808833,0.002124978054780513,0.002124978054780513,0.002124978054780513,0.0024376166038564406,0.002124978054780513,0.002124978054780513,0.002124978054780513,4.812694332686078
0.5498677160358056,0.3782291525931214,-1.4957263105679885,0.854690301384835,0.673359942920797,0.9047124692369835,-1.5376198761441628,5.0665568345357315,0.0024376166038564406,0.002124978054780513,0.0027502551529323682,0.002124978054780513,0.002124978054780513,0.0024376166038564406,0.002124978054780513,4.810505862842547
0.5579963183117798,0.505160403517948,-1.8530721721617738,0.8818898551544407,1.0382091296924045,0.9491071432057652,-1.5376198761441628,5.069057942928339,0.002124978054780513,0.0024376166038564406,0.0024376166038564406,0.002124978054780513,0.0024376166038564406,0.002124978054780513,0.002124978054780513,4.805816284606408
0.6633555093503674,0.5998898838879541,-2.283575454239326,0.8968965055100853,1.321147016606119,0.9553599141872837,-1.5376198761441628,5.08969208716735,0.002124978054780513,0.0024376166038564406,0.0018123395057045855,0.0018123395057045855,0.002124978054780513,0.0018123395057045855,0.0018123395057045855,4.810505862842547
0.7680894232908031,0.6424087265622802,-2.422386970029038,0.962863239365106,1.3267745104894857,1.0303931659655063,-1.5376198761441628,5.1184548336823354,0.002124978054780513,0.002124978054780513,0.0024376166038564406,0.0014997009566286579,0.002124978054780513,0.0024376166038564406,0.0018123395057045855,4.812069055587926
0.9766193355244468,0.7696526160361827,-2.715016651964106,1.1029253093511215,1.3939917985408101,1.1416924894365366,-1.537307237595087,5.16878964008356,0.002124978054780513,0.0024376166038564406,0.0027502551529323682,0.002124978054780513,0.002124978054780513,0.002124978054780513,0.0024376166038564406,4.80644156170456
1.4043088706603157,0.7505816645425512,-3.178034343145555,1.1029253093511215,1.4402623038040474,1.0897944902899326,-1.5376198761441628,5.265707590297097,0.0024376166038564406,0.0024376166038564406,0.002124978054780513,0.002124978054780513,0.002124978054780513,0.0024376166038564406,0.0024376166038564406,4.808630031548091
1.6634862278442597,0.781532880901068,-3.791431176432525,1.0716614544435288,1.821681333676679,1.0847922735047177,-1.5379325146932388,5.335738625290105,0.0024376166038564406,0.002124978054780513,0.0018123395057045855,0.0018123395057045855,0.0024376166038564406,0.002124978054780513,0.002124978054780513,4.8033151762138
1.601896433676302,1.0397723224377842,-4.232876807727735,1.2211026809018222,2.335033831259352,1.30801619754493,-1.5376198761441628,5.341053480624396,0.002124978054780513,0.0018123395057045855,0.002124978054780513,0.002124978054780513,0.002124978054780513,0.0024376166038564406,0.0018123395057045855,4.806754200253636
2.0367766554409172,1.1316880558661069,-4.966014205310785,1.2276680904324166,2.6135947784860036,1.2020317294081906,-1.5376198761441628,5.427341720169352,0.002124978054780513,0.0024376166038564406,0.0024376166038564406,0.0018123395057045855,0.002124978054780513,0.0024376166038564406,0.0024376166038564406,4.812381694137002
2.52636862329382,0.850313361697772,-5.582224785539438,0.9062756619823631,2.802428462127864,0.8571914097774425,-1.5376198761441628,5.555836163839558,0.002124978054780513,0.0024376166038564406,0.0027502551529323682,0.0027502551529323682,0.002124978054780513,0.0024376166038564406,0.002124978054780513,4.8033151762138
3.107876324575045,0.7224441951257177,-6.511073914844019,0.7021226894357824,3.151020444347523,0.6111448716546874,-1.5376198761441628,5.699962534963561,0.0024376166038564406,0.0024376166038564406,0.002124978054780513,0.0024376166038564406,0.0024376166038564406,0.002124978054780513,0.002124978054780513,4.797687682330434
3.415825295414834,0.6461603891511913,-7.042872086822172,0.5473666076431982,3.454592475500249,0.4098056460497901,-1.5376198761441628,5.8046964489039965,0.0024376166038564406,0.002124978054780513,0.003062893702008296,0.0018123395057045855,0.0024376166038564406,0.002124978054780513,0.0024376166038564406,4.799563513624889
3.7450336875917856,0.5514309087811853,-7.752248954675451,0.3247679607011378,3.8713396614184603,0.14312496368802385,-1.5376198761441628,5.892547881194332,0.0018123395057045855,0.0024376166038564406,0.0014997009566286579,0.0024376166038564406,0.0024376166038564406,0.002124978054780513,0.002124978054780513,4.811443778489775
3.963880671944935,0.4429453322518384,-8.289987259086047,0.12124026525270892,4.1858540417888435,-0.04820982834644383,-1.537307237595087,5.955075591009518,0.002124978054780513,0.0024376166038564406,0.0024376166038564406,0.0027502551529323682,0.0024376166038564406,0.002124978054780513,0.002124978054780513,4.800814067821193
4.3024682205941644,0.3375861412132508,-8.69360362594307,-0.005065708573965821,4.307783075928455,-0.26611889705236536,-1.5376198761441628,6.0466786858887644,0.0018123395057045855,0.0024376166038564406,0.002124978054780513,0.0014997009566286579,0.002124978054780513,0.002124978054780513,0.0018123395057045855,4.799563513624889
4.373124532685324,0.27818481688882457,-8.765823130779609,-0.06134064740763279,4.351865111348161,-0.32145592023880454,-1.5376198761441628,6.0810689262871165,0.002124978054780513,0.002124978054780513,0.0024376166038564406,0.0024376166038564406,0.0024376166038564406,0.002124978054780513,0.0027502551529323682,4.797375043781358
4.320913894989644,0.20065045671799453,-8.824599178005883,-0.1838949586453964,4.472543591291469,-0.42462664143386064,-1.537307237595087,6.0723150469129905,0.0024376166038564406,0.002124978054780513,0.002124978054780513,0.0027502551529323682,0.0024376166038564406,0.0018123395057045855,0.0024376166038564406,4.799563513624889
4.390007014335424,0.06746643481164938,-9.009681199058832,-0.384296268603066,4.625111203240522,-0.6472252883759211,-1.5376198761441628,6.087009058719559,0.0018123395057045855,0.0024376166038564406,0.002124978054780513,0.003062893702008296,0.002124978054780513,0.0024376166038564406,0.0018123395057045855,4.799563513624889
4.738911635104159,-0.12511891141912201,-9.59869222551788,-0.6644204085750971,4.848960404378886,-0.967054524080595,-1.5376198761441628,6.181425900540489,0.0018123395057045855,0.0024376166038564406,0.0018123395057045855,0.002124978054780513,0.0024376166038564406,0.0024376166038564406,0.0024376166038564406,4.800188790723041
5.084377231833059,-0.2576776562273153,-10.029508146144508,-0.8188638518186053,4.9755790167546365,-1.1683937496854924,-1.5376198761441628,6.273966911066964,0.002124978054780513,0.0024376166038564406,0.002124978054780513,0.002124978054780513,0.002124978054780513,0.002124978054780513,0.002124978054780513,4.792685465545219
5.147842857295473,-0.20109007884457242,-10.188641167624155,-0.7982297075795941,5.080312930695072,-1.165267364194733,-1.5376198761441628,6.3139846453486825,0.0024376166038564406,0.0024376166038564406,0.002124978054780513,0.0027502551529323682,0.002124978054780513,0.002124978054780513,0.002124978054780513,4.795186573937826
5.263831759002642,-0.1748284407221945,-10.193330745860294,-0.768529045417381,5.0921931955599575,-1.1859015084337443,-1.537307237595087,6.338683090725681,0.002124978054780513,0.0024376166038564406,0.002124978054780513,0.0014997009566286579,0.002124978054780513,0.002124978054780513,0.002124978054780513,4.793623381192447
5.3169803123455495,-0.17170205523143522,-10.193330745860294,-0.8570057548058685,5.336363902388257,-1.2875090368834208,-1.5376198761441628,6.367445837240666,0.0024376166038564406,0.0024376166038564406,0.002124978054780513,0.0014997009566286579,0.002124978054780513,0.002124978054780513,0.002124978054780513,4.792060188447067
5.372629974081065,-0.19389939221582608,-10.193330745860294,-0.7829104186748737,5.096257496697945,-1.2102873152616667,-1.537307237595087,6.374949162418488,0.0024376166038564406,0.0024376166038564406,0.0018123395057045855,0.0027502551529323682,0.002124978054780513,0.0024376166038564406,0.002124978054780513,4.7945612968396745
5.144716471804713,-0.17983065750740934,-10.074840735760517,-0.7629015515340143,5.008718702956685,-1.174021243568859,-1.537307237595087,6.323989078919112,0.002124978054780513,0.002124978054780513,0.002124978054780513,0.0024376166038564406,0.0018123395057045855,0.002124978054780513,0.002124978054780513,4.792998104094295
5.211933759856038,-0.3264581370240194,-9.829419474735914,-0.811673165189859,4.645120070381381,-1.230296182402526,-1.5376198761441628,6.32649018731172,0.002124978054780513,0.002124978054780513,0.0018123395057045855,0.0018123395057045855,0.002124978054780513,0.002124978054780513,0.0018123395057045855,4.792372826996143
5.007468148760381,-0.3833583529558382,-9.389224397637008,-0.8038572014629608,4.399073532258626,-1.1780855447068461,-1.537307237595087,6.263649838947458,0.0024376166038564406,0.0018123395057045855,0.003062893702008296,0.0024376166038564406,0.002124978054780513,0.0024376166038564406,0.0018123395057045855,4.847709850182582
4.049543634391739,-0.11386392365238862,-7.9848520351879415,-0.40680624413653277,3.9257387689576717,-0.6591055532408063,-1.5376198761441628,5.998219710781996,0.0018123395057045855,0.0018123395057045855,0.002124978054780513,0.002124978054780513,0.002124978054780513,0.002124978054780513,0.002124978054780513,4.849585681477038
2.650173488727887,0.39104733310523443,-5.480304618540686,0.42543757350358646,2.7911734743611305,0.2647413592785597,-1.5376198761441628,5.658381607936462,0.002124978054780513,0.0024376166038564406,0.002124978054780513,0.0027502551529323682,0.0024376166038564406,0.002124978054780513,0.002124978054780513,4.795499212486902
1.6172157225810224,0.6123954258509912,-3.894914536176657,0.7721537244287902,2.146512786166568,0.6811759066476952,-1.5376198761441628,5.37450580537552,0.0024376166038564406,0.002124978054780513,0.002124978054780513,0.0024376166038564406,0.002124978054780513,0.002124978054780513,0.002124978054780513,4.801751983468421
1.1576370554394089,0.5132890057939221,-2.4508370779949473,0.9528588057946763,1.1119918272743234,0.9178432882981724,-1.5376198761441628,5.232255265545973,0.0024376166038564406,0.0024376166038564406,0.002124978054780513,0.0024376166038564406,0.0018123395057045855,0.0024376166038564406,0.002124978054780513,4.801439344919345
0.6877413161782897,0.5314220416403259,-1.502291720098583,1.0994862853112863,0.6324042929918505,1.1545106699486496,-1.537307237595087,5.115328448191576,0.002124978054780513,0.0018123395057045855,0.002124978054780513,0.0018123395057045855,0.0018123395057045855,0.0024376166038564406,0.002124978054780513,4.810193224293471
0.16813604761409806,0.2944420214407728,-0.6631698543787934,0.8912690116267186,0.23629125131265027,1.0122601301191025,-1.5376198761441628,5.011532449898368,0.002124978054780513,0.0024376166038564406,0.002124978054780513,0.0024376166038564406,0.002124978054780513,0.002124978054780513,0.0024376166038564406,4.808942670097167
0.24473249213770032,0.25473692570813,-0.6719237337529194,0.8897058188813389,0.16032008388719987,0.9859984919967246,-1.5376198761441628,5.002465931975166,0.0024376166038564406,0.002124978054780513,0.0018123395057045855,0.002124978054780513,0.0018123395057045855,0.002124978054780513,0.002124978054780513,4.806754200253636
0.2697435760637745,0.26411608218040783,-0.7041255043077399,0.8856415177433519,0.1731382643993129,0.9850605763494968,-1.5376198761441628,4.9974637151899515,0.002124978054780513,0.002124978054780513,0.002124978054780513,0.0018123395057045855,0.002124978054780513,0.002124978054780513,0.002124978054780513,4.811131139940699
0.280685925281432,0.263490805082256,-0.7244470099976752,0.8850162406452,0.18720699910772964,0.9813089137605857,-1.5376198761441628,4.995900522444572,0.002124978054780513,0.0018123395057045855,0.003062893702008296,0.0027502551529323682,0.002124978054780513,0.002124978054780513,0.002124978054780513,4.811131139940699
0.27443315429991344,0.2628655279841041,-0.7263228412921308,0.8834530478998204,0.19283449299109634,0.9813089137605857,-1.5379325146932388,4.995587883895496,0.002124978054780513,0.002124978054780513,0.0018123395057045855,0.0018123395057045855,0.002124978054780513,0.0024376166038564406,0.002124978054780513,4.809255308646243
0.27912273253605235,0.2647413592785597,-0.7328882508227252,0.8847036020961241,0.19377240863832412,0.9813089137605857,-1.537307237595087,4.996213160993648,0.002124978054780513,0.002124978054780513,0.0024376166038564406,0.002124978054780513,0.0018123395057045855,0.002124978054780513,0.002124978054780513,4.81331960978423
0.6264641605594079,0.4357546456230921,-1.29063542237418,1.0244530335330637,0.315076165679784,0.9816215523096616,-1.5376198761441628,5.088441532971046,0.002124978054780513,0.002124978054780513,0.002124978054780513,0.0018123395057045855,0.002124978054780513,0.002124978054780513,0.0024376166038564406,4.810818501391623
0.6123954258509912,0.32789434619189706,-0.9579880061573931,0.9659896248558653,0.12030234960548114,0.9778698897207505,-1.5376198761441628,5.083126677636756,0.002124978054780513,0.0024376166038564406,0.002124978054780513,0.0018123395057045855,0.0024376166038564406,0.002124978054780513,0.002124978054780513,4.808004754449939
0.28006064818328014,0.25755067264981335,-0.686305107010412,0.8772002769183018,0.2047147578559816,0.9763066969753709,-1.5376198761441628,5.004341763269622,0.0018123395057045855,0.002124978054780513,0.0027502551529323682,0.002124978054780513,0.002124978054780513,0.002124978054780513,0.002124978054780513,4.810193224293471
0.24379457649047254,0.2569253955516615,-0.6997485646206769,0.8772002769183018,0.19064602314756485,0.9834973836041172,-1.537307237595087,5.0018406548770145,0.0018123395057045855,0.002124978054780513,0.0024376166038564406,0.002124978054780513,0.0024376166038564406,0.002124978054780513,0.002124978054780513,4.812381694137002
0.2716194073582301,0.263490805082256,-0.7144425764272455,0.8903310959794908,0.17470145714469254,0.9853732148985728,-1.537307237595087,4.9971510766408755,0.0024376166038564406,0.002124978054780513,0.0024376166038564406,0.0024376166038564406,0.002124978054780513,0.002124978054780513,0.002124978054780513,4.813006971235154
0.2819364794777357,0.2663045520239393,-0.7213206245069159,0.8868920719396556,0.18720699910772964,0.9822468294078135,-1.537307237595087,4.994962606797344,0.002124978054780513,0.0024376166038564406,0.0024376166038564406,0.0014997009566286579,0.002124978054780513,0.002124978054780513,0.0024376166038564406,4.809567947195319
0.27443315429991344,0.26411608218040783,-0.72944922678289,0.8825151322525926,0.19752407122723525,0.9813089137605857,-1.5376198761441628,4.996525799542724,0.002124978054780513,0.002124978054780513,0.0018123395057045855,0.0018123395057045855,0.002124978054780513,0.002124978054780513,0.0024376166038564406,4.809567947195319
0.27349523865268566,0.2819364794777357,-0.7400789374514716,0.8918942887248704,0.24410721503954846,1.0116348530209507,-1.5376198761441628,4.987459281619522,0.0018123395057045855,0.002124978054780513,0.0014997009566286579,0.002124978054780513,0.0024376166038564406,0.002124978054780513,0.002124978054780513,4.813006971235154
0.056211447044915985,0.276308985594369,-0.7507086481200531,0.7927878686678014,0.556745764115476,0.9666149019540171,-1.537307237595087,4.94306460765074,0.002124978054780513,0.002124978054780513,0.002124978054780513,0.0018123395057045855,0.0024376166038564406,0.0024376166038564406,0.002124978054780513,4.808004754449939
0.4995329096345813,0.31663935842516366,-1.0552185949200066,0.9059630234332872,0.3031959008148988,0.9112778787675779,-1.5376198761441628,5.0062175945640774,0.002124978054780513,0.0024376166038564406,0.0024376166038564406,0.0014997009566286579,0.002124978054780513,0.002124978054780513,0.002124978054780513,4.802064622017497
0.2603644195914967,0.3025706237167469,-1.2237307728719315,0.7274464119109325,0.7552712427786901,0.8399962895782664,-1.537307237595087,4.989335112913977,0.0024376166038564406,0.002124978054780513,0.0027502551529323682,0.0027502551529323682,0.0024376166038564406,0.002124978054780513,0.0018123395057045855,4.817071272373141
0.13718483125558123,0.297881045480608,-0.9961299091446563,0.7787191339593846,0.8712601444858592,0.8925195658230223,-1.5376198761441628,4.9627608362425235,0.0024376166038564406,0.0024376166038564406,0.0018123395057045855,0.0024376166038564406,0.002124978054780513,0.0024376166038564406,0.002124978054780513,4.807066838802712
0.08747530195250874,0.29600521418615244,-1.0389613903680583,0.7127524001043639,1.2276680904324166,0.7949763385113329,-1.5376198761441628,4.954632233966549,0.002124978054780513,0.0018123395057045855,0.002124978054780513,0.002124978054780513,0.002124978054780513,0.002124978054780513,0.002124978054780513,4.811131139940699
0.40605398346087895,0.28693869626295054,-0.9601764760009246,0.7371382069322863,0.9697412874447764,0.7533954114842345,-1.537307237595087,5.02059896782157,0.0018123395057045855,0.0024376166038564406,0.002124978054780513,0.002124978054780513,0.002124978054780513,0.002124978054780513,0.002124978054780513,4.8117564170388505
0.6580406540160766,0.26880566041654674,-0.7888505511073163,0.7909120373733458,0.8940827585684019,0.7452668092082604,-1.537307237595087,5.078124460851541,0.002124978054780513,0.0024376166038564406,0.0014997009566286579,0.0024376166038564406,0.002124978054780513,0.0024376166038564406,0.002124978054780513,4.80644156170456
0.3178899126214674,0.2875639733611024,-0.22672643986879848,0.8568787712283665,0.966927540503093,0.897834421157313,-1.537307237595087,5.031228678490152,0.0018123395057045855,0.0018123395057045855,0.002124978054780513,0.0024376166038564406,0.0024376166038564406,0.0024376166038564406,0.0024376166038564406,4.809567947195319
0.3722890201606788,0.3701005503171473,-0.051336213837203104,0.9910007087819395,0.9822468294078135,0.9988166725088377,-1.5376198761441628,5.024975907508633,0.002124978054780513,0.002124978054780513,0.002124978054780513,0.0024376166038564406,0.002124978054780513,0.0018123395057045855,0.002124978054780513,4.810193224293471
0.6295905460501672,0.5805062938452465,-0.37147808809095295,1.1391913810439291,1.2035949221535702,1.0804153338176548,-1.537307237595087,5.070308497124643,0.0018123395057045855,0.002124978054780513,0.0024376166038564406,0.002124978054780513,0.002124978054780513,0.002124978054780513,0.002124978054780513,4.809567947195319
0.5373621740727685,0.6205240281269653,-0.5296731939233723,1.1235594535901328,1.6165904454828706,1.0557168884406565,-1.5376198761441628,5.075310713909857,0.0024376166038564406,0.0018123395057045855,0.0024376166038564406,0.0024376166038564406,0.0024376166038564406,0.002124978054780513,0.002124978054780513,4.808004754449939
1.2314197530213278,0.509537343205011,-0.3877352926429012,1.152322200105118,0.9125284329638816,0.9512956130492967,-1.5376198761441628,5.205055711776367,0.002124978054780513,0.0024376166038564406,0.0024376166038564406,0.0024376166038564406,0.0018123395057045855,0.0018123395057045855,0.0024376166038564406,4.80644156170456
2.3259673133361503,0.3782291525931214,-0.5978283976219245,1.105426417743729,0.03088772456976585,0.7615240137602086,-1.537307237595087,5.450164334251895,0.0024376166038564406,0.0024376166038564406,0.0014997009566286579,0.002124978054780513,0.002124978054780513,0.0018123395057045855,0.0024376166038564406,4.802689899115649
2.183716773506603,0.263490805082256,-0.4096199910782161,0.9328499386538169,0.3513422373725916,0.6452224735039636,-1.5376198761441628,5.490494707082689,0.002124978054780513,0.002124978054780513,0.0018123395057045855,0.0018123395057045855,0.002124978054780513,0.002124978054780513,0.002124978054780513,4.805191007508256
2.1049318591394695,0.4357546456230921,-1.0439636071532732,0.8956459513137816,0.9619253237178782,0.6524131601327099,-1.537307237595087,5.470173201392754,0.0024376166038564406,0.0018123395057045855,0.0024376166038564406,0.0024376166038564406,0.0024376166038564406,0.002124978054780513,0.002124978054780513,4.802064622017497
2.572326490007981,0.505160403517948,-1.023016824365186,0.9819341908587376,0.5148521985393018,0.6877413161782897,-1.5376198761441628,5.567716428704443,0.0024376166038564406,0.002124978054780513,0.002124978054780513,0.002124978054780513,0.002124978054780513,0.002124978054780513,0.002124978054780513,4.801126706370269
2.6964439939911244,0.4326282601323328,-0.7866620812637848,0.9516082515983726,0.23035111888020765,0.6414708109150524,-1.5376198761441628,5.609609994280618,0.0018123395057045855,0.0024376166038564406,0.0027502551529323682,0.002124978054780513,0.0018123395057045855,0.002124978054780513,0.002124978054780513,4.801439344919345
2.4544617570063565,0.36978791176807135,-0.4890301825435017,0.893770120019326,0.28224911802681163,0.6470983047984191,-1.537307237595087,5.5586499107812415,0.002124978054780513,0.0024376166038564406,0.0018123395057045855,0.0014997009566286579,0.002124978054780513,0.002124978054780513,0.0018123395057045855,4.796749766683206
2.240929627987498,0.3994885739302845,-0.4658949299118831,0.8681337589950999,0.5608100652534631,0.6589785696633044,-1.5376198761441628,5.509565658576321,0.0024376166038564406,0.002124978054780513,0.0024376166038564406,0.0027502551529323682,0.0024376166038564406,0.0024376166038564406,0.0024376166038564406,4.807692115900863
2.6461091875899,0.405741344911803,-0.8845179471245501,0.8256149163207738,0.5264198248551111,0.5573710412136279,-1.537307237595087,5.578971416471177,0.0018123395057045855,0.002124978054780513,0.0018123395057045855,0.0024376166038564406,0.002124978054780513,0.002124978054780513,0.002124978054780513,4.800188790723041
2.6432954406482168,0.3332092015261878,-0.8429370200974518,0.7568344355240697,0.6039541850259411,0.5060983191651758,-1.5376198761441628,5.618363873654744,0.0024376166038564406,0.0018123395057045855,0.0024376166038564406,0.002124978054780513,0.002124978054780513,0.0024376166038564406,0.0024376166038564406,4.800814067821193
2.926233327561931,0.328206984740973,-1.1577640390169108,0.6980583882977953,0.6030162693787133,0.4066792605590308,-1.537307237595087,5.666197571663361,0.0024376166038564406,0.0027502551529323682,0.002124978054780513,0.002124978054780513,0.0018123395057045855,0.002124978054780513,0.0018123395057045855,4.801439344919345
2.944679001957411,0.14437551788432756,-1.1130567264990532,0.544240222152439,0.6161470884399023,0.24535776923585217,-1.5376198761441628,5.690583378491283,0.0027502551529323682,0.002124978054780513,0.002124978054780513,0.0018123395057045855,0.002124978054780513,0.0024376166038564406,0.0024376166038564406,4.8030025376647245
3.2407477079323144,0.14687662627693499,-1.36816978254501,0.5529941015265649,0.6330295700900024,0.21753293836809462,-1.537307237595087,5.743419293285115,0.0024376166038564406,0.0018123395057045855,0.002124978054780513,0.0018123395057045855,0.002124978054780513,0.0024376166038564406,0.002124978054780513,4.801439344919345
3.018149060990254,0.28224911802681163,-1.7248903670406435,0.5470539690941223,1.22204059654905,0.24379457649047254,-1.537307237595087,5.704026836101548,0.0024376166038564406,0.002124978054780513,0.0018123395057045855,0.0027502551529323682,0.002124978054780513,0.0024376166038564406,0.002124978054780513,4.802377260566573
2.63766794676485,0.22159723950608168,-1.0242673785614897,0.5648743663914502,0.7518322187388549,0.354155984314275,-1.537307237595087,5.619927066400123,0.002124978054780513,0.002124978054780513,0.0018123395057045855,0.0027502551529323682,0.0018123395057045855,0.0024376166038564406,0.002124978054780513,4.803940453311952
2.503233370662201,0.17907839683175553,-0.7947906835397589,0.5664375591368298,0.6208366666760412,0.38885886326170294,-1.5376198761441628,5.575219753882266,0.002124978054780513,0.002124978054780513,0.0024376166038564406,0.0014997009566286579,0.002124978054780513,0.0018123395057045855,0.002124978054780513,4.801751983468421
2.266565989011724,0.18408061361697037,-0.8210523216621368,0.5304841259930981,0.8134220129068126,0.39479899569414556,-1.5376198761441628,5.509253020027245,0.0024376166038564406,0.002124978054780513,0.0018123395057045855,0.0024376166038564406,0.002124978054780513,0.0024376166038564406,0.002124978054780513,4.801751983468421
2.0561602454836247,0.22378570934961317,-1.1502607138390886,0.49453069284936646,1.1729563443441293,0.36728680337546393,-1.5376198761441628,5.464858346058463,0.002124978054780513,0.0018123395057045855,0.0014997009566286579,0.0027502551529323682,0.002124978054780513,0.002124978054780513,0.0024376166038564406,4.807692115900863
2.2815726393673685,0.34602738203830086,-1.5648194299137685,0.5683133904312854,1.0854175506028696,0.4166836941294605,-1.5376198761441628,5.491745261278993,0.002124978054780513,0.0024376166038564406,0.0024376166038564406,0.0024376166038564406,0.0024376166038564406,0.002124978054780513,0.0024376166038564406,4.808004754449939
1.4943487727941829,0.23285222727281507,-0.8566931162567926,0.557058402664552,0.9444175649696263,0.5642490892932983,-1.5376198761441628,5.336363902388257,0.002124978054780513,0.0024376166038564406,0.0027502551529323682,0.002124978054780513,0.002124978054780513,0.002124978054780513,0.0024376166038564406,4.804565730410104
0.8412468437745702,0.28349967222311534,-0.6841166371668805,0.621774582323269,0.9806836366624339,0.7377634840304381,-1.5376198761441628,5.160035760709434,0.0024376166038564406,0.0024376166038564406,0.003062893702008296,0.002124978054780513,0.0018123395057045855,0.002124978054780513,0.0024376166038564406,4.807066838802712
0.483588343631709,0.39135997165431036,-0.9767463191019488,0.6846149306875304,1.1638898264209274,0.8337435185967479,-1.537307237595087,5.058428232259757,0.0024376166038564406,0.002124978054780513,0.0018123395057045855,0.002124978054780513,0.002124978054780513,0.0024376166038564406,0.0024376166038564406,4.804253091861028
0.1278056747833034,0.4939054157512146,-1.5520012494016555,0.6502246902891784,1.891087091571535,0.7934131457659532,-1.5376198761441628,4.980581233539851,0.002124978054780513,0.0027502551529323682,0.002124978054780513,0.002124978054780513,0.002124978054780513,0.002124978054780513,0.002124978054780513,4.810505862842547
0.4110562002460938,0.39917593538120855,-1.7858548841104493,0.5776925469035632,1.528113736094383,0.6621049551540636,-1.5376198761441628,5.0190357750761905,0.002124978054780513,0.0024376166038564406,0.0027502551529323682,0.0024376166038564406,0.002124978054780513,0.0018123395057045855,0.002124978054780513,4.813944886882382
0.5123510901466943,0.21940876966255018,-1.4222562515351456,0.5504929931339575,0.8890805417831871,0.6536637143290136,-1.5376198761441628,5.0493617143365555,0.0018123395057045855,0.0018123395057045855,0.0024376166038564406,0.0018123395057045855,0.002124978054780513,0.0024376166038564406,0.002124978054780513,4.810818501391623
0.1346837228629738,0.21346863723010756,-1.032083342288388,0.5945750285536633,1.0607191052258713,0.7502690259934752,-1.5376198761441628,4.985583450325066,0.002124978054780513,0.0018123395057045855,0.0024376166038564406,0.0024376166038564406,0.002124978054780513,0.0024376166038564406,0.002124978054780513,4.809567947195319
0.2253489020949928,0.3450894663910731,-1.2768793262148392,0.7474552790517919,1.0944840685260715,0.876262361271074,-1.5376198761441628,4.995587883895496,0.0024376166038564406,0.002124978054780513,0.0018123395057045855,0.0024376166038564406,0.0024376166038564406,0.002124978054780513,0.0024376166038564406,4.810818501391623
-0.04820982834644383,0.2544242871590541,-0.7041255043077399,0.8474996147560887,0.2975684069315321,0.9681780946993968,-1.5376198761441628,4.9930867755028885,0.002124978054780513,0.0018123395057045855,0.002124978054780513,0.002124978054780513,0.0018123395057045855,0.0024376166038564406,0.0024376166038564406,4.807692115900863
0.48546417492616456,0.24879679327568738,-0.6419104330416303,0.9381647939881077,-0.06728077984007541,0.9741182271318394,-1.5376198761441628,5.0274770159012405,0.0024376166038564406,0.0024376166038564406,0.0018123395057045855,0.002124978054780513,0.002124978054780513,0.002124978054780513,0.002124978054780513,4.808004754449939
0.3375861412132508,0.22378570934961317,-0.5346754107085872,0.8612557109154295,0.10560833779891254,0.9659896248558653,-1.5376198761441628,5.009031341505761,0.002124978054780513,0.0024376166038564406,0.0027502551529323682,0.002124978054780513,0.0018123395057045855,0.0018123395057045855,0.002124978054780513,4.806754200253636
0.17376354149746476,0.11154847023135517,-0.28425193289876916,0.7784064954103087,-0.06759341838915134,0.9075262161786668,-1.537307237595087,4.964636667536979,0.0024376166038564406,0.002124978054780513,0.0027502551529323682,0.0018123395057045855,0.0024376166038564406,0.002124978054780513,0.002124978054780513,4.813632248333306
0.31976574391592294,0.0665285191644216,-1.0524048479783232,0.6317790158936987,0.2434819379413966,0.7583976282694493,-1.5376198761441628,4.9968384380918,0.0024376166038564406,0.0014997009566286579,0.0018123395057045855,0.002124978054780513,0.002124978054780513,0.002124978054780513,0.0024376166038564406,4.808004754449939
0.3532180686670472,0.20096309526707046,-1.3231498314780765,0.7293222432053881,0.3622845865902491,0.8612557109154295,-1.5376198761441628,5.015596751036355,0.002124978054780513,0.002124978054780513,0.0018123395057045855,0.002124978054780513,0.002124978054780513,0.002124978054780513,0.002124978054780513,4.810505862842547
0.2606770581405726,0.2663045520239393,-1.5169857319051516,0.7243200264201732,0.44575907919352176,0.9078388547277427,-1.5376198761441628,4.998714269386255,0.002124978054780513,0.0018123395057045855,0.0024376166038564406,0.0018123395057045855,0.0024376166038564406,0.0024376166038564406,0.0018123395057045855,4.813006971235154
0.18470589071512222,0.2772469012415968,-1.8383781603552052,0.6527257986817858,0.526732463404187,0.8928322043720982,-1.5376198761441628,4.982144426285231,0.0024376166038564406,0.0024376166038564406,0.002124978054780513,0.002124978054780513,0.002124978054780513,0.0024376166038564406,0.002124978054780513,4.808942670097167
0.27349523865268566,0.3044464550112025,-2.2341785634853295,0.6127080644000671,0.43669256127031986,0.8918942887248704,-1.5376198761441628,4.994962606797344,0.0024376166038564406,0.0024376166038564406,0.0014997009566286579,0.002124978054780513,0.0024376166038564406,0.0018123395057045855,0.002124978054780513,4.807692115900863
0.20127573381614638,0.3785417911421973,-2.4577151260746177,0.634905401384458,0.45044865742966067,0.9666149019540171,-1.5376198761441628,4.983082341932459,0.002124978054780513,0.0024376166038564406,0.0018123395057045855,0.0024376166038564406,0.002124978054780513,0.002124978054780513,0.0024376166038564406,4.809567947195319
0.20690322769951308,0.4007391281265882,-2.845074288379692,0.5714397759220446,0.5795683781980188,0.9178432882981724,-1.5376198761441628,4.982769703383383,0.0024376166038564406,0.0014997009566286579,0.0027502551529323682,0.0024376166038564406,0.0018123395057045855,0.002124978054780513,0.0018123395057045855,4.814257525431458
0.35478126141242683,0.3691626346699195,-3.3868768939282745,0.4654553077853052,0.608956401811156,0.8077945190234459,-1.537307237595087,5.009656618603913,0.002124978054780513,0.002124978054780513,0.002124978054780513,0.0024376166038564406,0.002124978054780513,0.002124978054780513,0.0024376166038564406,4.8073794773517875
0.29131563595001353,0.44106950095738284,-3.609475540870335,0.48515153637708863,0.5104752588522388,0.8665705662497203,-1.537307237595087,5.004029124720546,0.002124978054780513,0.002124978054780513,0.0024376166038564406,0.002124978054780513,0.0024376166038564406,0.0024376166038564406,0.002124978054780513,4.809880585744395
0.45451295856764773,0.23035111888020765,-3.415014363345108,0.30757284050196176,0.02713606198085472,0.7271337733618566,-1.5376198761441628,5.02904020864662,0.0024376166038564406,0.002124978054780513,0.002124978054780513,0.002124978054780513,0.002124978054780513,0.002124978054780513,0.002124978054780513,4.810193224293471
0.6445971964058117,0.10498306070076069,-3.4640986155500286,0.2128433601319557,-0.15919651326839812,0.6195861124797375,-1.5376198761441628,5.080000292145996,0.0024376166038564406,0.002124978054780513,0.0018123395057045855,0.002124978054780513,0.0024376166038564406,0.002124978054780513,0.002124978054780513,4.81488280252961
0.6392823410715209,0.13593427705927752,-4.218495434470242,0.1187391568601015,0.44232005515368655,0.5010961023799609,-1.537307237595087,5.07968765359692,0.002124978054780513,0.0024376166038564406,0.002124978054780513,0.0027502551529323682,0.002124978054780513,0.0024376166038564406,0.0024376166038564406,4.792685465545219
0.4420074166046106,0.056211447044915985,-4.187856856660801,0.017444266959500965,0.6355306784826098,0.4248122964054346,-1.537307237595087,5.050612268532859,0.002124978054780513,0.002124978054780513,0.0018123395057045855,0.0018123395057045855,0.0024376166038564406,0.002124978054780513,0.002124978054780513,4.814257525431458
