time(ms),fx,fy,fz,tx,ty,tz
0.10943412780761719,-8.958970262319767e-05,-0.001345227401734883,-0.015422472131457471,0.053862672937550454,-0.025268210374376213,-0.03181431134817976
10.110855102539062,-0.25189906923374655,-0.09688586724563139,0.06876193507797289,-1.2501213669908275,1.759503423780717,1.503381270542679
20.074129104614258,-0.34484250184782067,0.13960382941186406,-0.24505549580688274,-1.214981619440463,1.92186400371199,5.892891697211726
30.216217041015625,0.5566840160278528,-0.6658293099179177,-0.4831922473741619,-3.79283042349695,-4.671822032914867,2.71543330733264
40.07101058959961,0.4348095060511998,1.0713512775120388,-0.43424370531062406,3.691922523845166,1.3565829747020106,7.256740691927269
50.06766319274902,-0.07433929736999526,0.5836399524608619,0.2807206980930649,3.7437327528455024,3.2913953728818033,2.947890248081751
60.10937690734863,-0.09650634905813714,0.751437404299359,0.04326969729848534,2.657465315079464,2.250473205351325,1.0230984969075425
70.07336616516113,0.2641184906494404,-0.4421636870091854,0.5629731031032319,-3.33363627363323,-3.7189676029076737,1.905472567798996
80.09505271911621,0.6111471675738422,1.0729817344412522,-0.20372401995170658,9.77684356151283,-3.5391698986555413,-1.9089395198404202
90.09099006652832,0.8377343351959792,-0.07223067228551228,0.741774734685237,-1.4043237877976964,-7.757526595491041,-9.218272240355772
100.04520416259766,0.1545444192420888,0.03905736180751081,-0.0901241582228431,0.5853498164551553,-1.4854932807910408,-2.3478559521693882
110.02564430236816,-0.07838431183588983,0.025783338658917628,0.06551579026460459,-1.9103396184339034,-2.080923270631525,-1.268549227241781
120.08380889892578,0.08178096709955426,0.010446432571956755,-0.4880005219618429,1.2499538364979197,0.2626331011333841,-0.3847567621489517
130.06973266601562,0.17389847744745054,0.6399216036441776,0.3671475897081505,2.9704530845410946,-3.234579641265102,-0.9494334327060981
140.06900787353516,-0.27683159959798,-0.1283415321558532,-0.6345623817733874,-0.5251790542712126,-1.840020633958041,-6.25103790411199
150.08544921875,-1.7654870848783477,-0.4097141253931383,1.132770295998949,0.8240033376593588,8.593311376096306,-2.7384168239708506
160.09783744812012,-0.13090514949996285,-1.3167551589596989,0.0058670437924396345,-5.88151357675244,3.018677905880148,-2.0036827062844185
170.06158828735352,0.24486841602550122,0.053982229045102574,0.6978895833918118,0.808523008638009,-1.973936683395119,-1.546328453040323
180.05990982055664,0.30750304822447067,-0.23111078793726994,-0.31274912307796476,1.2853039772862707,-2.2036117475762387,-1.3534265665313832
190.06729125976562,0.2965134374373494,0.49564160818993,0.27889528289103327,5.185906304791049,-1.5042414579938355,-1.130766420460334
200.06442070007324,-0.6138861188690448,0.13911160815381335,0.3447340162712913,0.9606385921408801,5.50283145977167,-1.1271034409222538
210.08944511413574,-0.21752154071879998,-0.12945270583420787,-0.5204731938194378,-2.3003187011593904,1.6687536726947876,-2.394273091164913
220.14546394348145,-0.06481064964909132,-0.10971496822226369,-0.08748063046558964,-0.9520726210402903,1.998022244666051,-3.821866860050567
230.09681701660156,-0.2863748194016564,0.1991685073781824,0.039397753280588234,-1.5484029786382583,1.618052103758871,-2.33530804143018
240.07654190063477,0.6545239560809282,-0.1151798619226414,0.26681475115076647,-0.20559799104679527,-2.864609688296855,3.3359752851909126
250.08463859558105,0.43336459697447755,0.15153818699851032,0.35911603669058056,4.190813434497811,-4.547998674910622,3.9957334577451684
260.0593566894531,0.17468654543810622,-0.6005923525960774,-0.608075109283756,-5.016164875833556,-1.891932761240677,5.5542371845116705
270.06030082702637,0.1322094931586351,-0.028920716521062418,0.13362334159550665,-1.4463858999420636,-1.5154068529315603,1.7744772158248536
280.1036834716797,-0.01921499657873281,-0.07766654374937933,0.019563063328190033,-0.8973285168621741,-1.0087513450656314,1.2939333890012386
290.05980491638184,0.5042856107459833,0.09546800452978972,-0.2961352886067001,-0.4764916435557908,-4.642418693139211,3.8616568371492845
300.05884170532227,-0.0914491766687657,0.020759921853689984,0.2718032212189785,1.703351777085264,-1.702162759534575,4.350290080133132
310.0728988647461,-0.1427925956723204,-0.7938374568305784,-0.6552594632787131,-4.637317848270919,-0.508832303786038,-0.3356796881251183
320.10388374328613,-0.7278773008906301,0.5489690689425464,0.4245363221312135,2.3252856217640216,3.544028095366739,2.635099200174355
330.061674118042,-0.21780533210895264,0.10019530260687462,-0.9643179601917029,-1.5767414934004607,3.9303960715422086,1.644040814680677
340.0688171386719,0.1485046707887541,0.02193659643446154,-0.6136645550557001,-1.7728394744174474,-0.8742318657122097,0.7037337264105317
350.0821590423584,-0.19651914265921766,0.09978208823656096,0.42157690751035914,2.162851018403485,1.2961049544784213,2.3552220727935627
360.06665229797363,-0.21477557694094174,-0.17059551370417322,0.3233970168045605,-1.3520740671569969,2.670159843919032,0.2807194350333266
370.08190155029297,0.004556806897117349,0.020256705097868328,0.4717466657687553,1.5614285791957556,4.8275954718100005,0.4973472953332075
380.10597229003906,0.19306420531723453,0.20959337414302395,-0.10224179077972875,2.0087970884018844,-0.08733637591266034,1.7786765955743546
391.62373542785645,0.021047258564989166,-0.11861146392332156,0.16332616721647938,2.1650347236355283,-3.5105521445204615,1.5211780511240096
400.09522438049316,-0.09390226690662057,-0.04668564861339873,0.19589442205768315,2.6749032428813946,-0.1682856932078178,-0.41426677107116744
410.07471084594727,-0.9283797494189258,-0.06882358114707973,-0.33191381924053676,1.8972775329577287,2.640994171968383,-4.294787536719656
420.1030731201172,0.04357520768864228,0.0927250014389912,0.2659971732074635,0.3812459156552373,-4.217458505042317,-3.295581481124896
430.07969856262207,-0.09051472818304719,-0.24886424306846966,-0.18867822724971772,-1.8851970762507138,-0.35680316796837186,-1.4152814406723315
440.0827884674072,0.08402446132772308,-0.017685462499546722,0.5340083045467499,1.587798096375878,-2.195486599956232,-1.4983469958006417
450.0875473022461,-0.9773217604631733,0.2088573573444038,-0.15144128780660976,1.2021474756040345,3.2877264563376762,-5.585578623801601
460.0849151611328,0.13131535003466338,0.11430619975001968,-0.3062515467333633,-0.17765699619974237,-5.492807167400603,-6.079084235402077
470.08776664733887,0.5005194167173111,-0.7028375323776782,-0.6904931587130752,-2.264036203437214,-6.704345811049971,-4.009359208640629
480.20029067993164,-0.18511542022914684,-1.0719584309535006,-0.49373086142231376,-4.2973176267057625,3.9789073291935395,1.131323804971168
490.0937080383301,-0.555644727331087,-0.46356608420761186,0.17171669181609828,-0.548876631102741,0.7048748915048993,-1.2068230413804035
500.0741481781006,0.7001215600158328,0.27785003842990774,0.05730917529147957,3.0135818412552715,-5.602957450412215,-2.4219625307826074
510.1158618927002,0.21725317491465865,-0.09881560055233315,0.3238142048108329,1.2066401447028088,0.4109175618337108,-1.3727814532289
520.1306343078613,0.08010947636077471,-0.25683676054881766,0.07274403416225139,-1.2445150137261494,0.6794266638539652,-0.5589247840478737
530.0869941711426,0.11921020113504237,0.19677245179083547,-0.6736180053105654,-2.203698207766986,-0.14121162317265498,-3.1477767267615
540.0843620300293,-0.1519133751420999,-0.19622942989494555,-0.0685856725903894,-1.8555446698485503,3.323952185152111,-2.541278716385787
550.1115322113037,0.21652629341444263,0.14557917119770353,0.05093206795899349,-0.7914635766955173,-1.6634365319727031,-1.1703777683976508
560.0814819335938,-1.0519621318823142,-0.21190545814247463,0.34277865598272184,-1.9049527780736875,8.208505932998879,-3.9238692572404976
570.0898170471191,-0.33615644315414567,0.2754307944413759,0.6232185546365487,4.4769024084740465,0.31737094941413246,8.342344498097955
580.0366401672363,-0.41282093345795434,-0.6012873949864556,-0.26731195274090386,-3.3631662132629496,0.7416746121898956,4.298983099152473
590.0795459747314,-0.1875551639273417,-0.08302668477750376,0.05903495258792062,0.5196059907592399,-0.23508678431707059,1.5023293137319045
600.0874042510986,-0.2633506816367648,-0.09072538403741454,-0.2771069247362236,-0.9843650974173546,1.3693890217120337,0.5067843837286291
610.4309558868408,-0.4058335900679124,-0.4763742040112156,-0.350497010828213,-1.3314607040023432,0.570356903437357,7.061636857726946
620.0735569000244,1.028855319979505,0.19221606382937387,0.4826434948136674,4.298073195919242,-8.80112141931239,7.042318352777386
630.4748058319092,0.3460059299332679,0.5535341357501303,-0.12702086563853365,2.740572185392035,-8.342824048115611,6.243938636121379
640.0747299194336,0.27156096073368496,0.6364291152860649,0.19694812339156123,3.5682372051394946,-3.596301004408624,-3.518177079841103
650.0756740570068,-0.8067294012819602,0.45344223834336256,0.02562912031542946,1.245383214103319,6.907624618075865,0.4295157538189718
660.0968837738037,-0.5039118263494791,-0.17981540272039528,-0.44751479903601243,-4.680099807548148,3.4560333870821327,1.397340389906144
670.0787544250488,-0.16054187395250447,0.24055842163095187,-0.002470316621908936,-0.6009013770435262,2.40583745353427,1.0703281772393445
680.1068782806396,-0.5974175487732227,0.15132125961484855,-0.03767519303481713,-0.03069872321351223,3.3991411809499414,2.3891169905594576
690.0858879089355,0.30668017105776085,0.18220258249933394,0.1060423750487993,-1.1021222702525553,-1.178774198739462,0.1274583782768816
700.0837326049805,0.05965900414296011,0.21724228571399437,-0.30184089210516796,2.697614091809028,-0.7596614144813545,0.8292581320019862
710.1318836212158,0.23692184754472656,-0.4738046652929865,0.04845391661504472,-1.8627976997303681,-1.8234915651765866,1.1450749020401094
720.1600074768066,-0.22900784036883817,1.1285726513933958,-0.46169787504098275,8.541111608842979,1.3976570114703353,1.5216953835103222
730.3609848022461,-0.3858074840374571,0.1341218781522486,-0.11947882642917937,4.793500884308353,-1.2577841378286791,-5.041898714430998
741.2865161895752,0.19595957905769604,0.2985901421259718,-0.12995070465264544,3.1355492861670227,-1.5295394315580837,-3.1479815769180113
750.0648498535156,0.00339703042992332,-0.04975942641550502,-0.29331627370546487,-0.5872219523619605,-0.522636493133383,-1.2290875518834488
760.063886642456,0.017228000395382324,0.1751061907833744,0.13081329942062983,0.7245917261034523,-1.6721029319544123,-1.659330477956487
770.0676918029785,-1.2402928238681081,0.30015526697758466,-0.7768302699160227,2.1721571300051563,6.606513849532668,-4.9723275019632
780.0886631011963,0.8596008411941235,0.11887541214476441,0.41217965864524636,4.6047146466927,-6.060351837066855,-4.087554805595525
790.0726795196533,-0.2630426982756846,-0.9917958779462492,-0.11981503167208468,-2.3994141694880864,-2.9869965878443594,-4.902170661218045
800.0690937042236,-1.0801245654872913,0.3677347999365669,-0.0371554314469784,2.9055720943448473,6.186422434709086,-1.6158767803663285
810.0640773773193,0.022527467660287587,-0.4051563461901333,0.01913431394837287,0.45295596347051587,-2.8443173611627053,-2.012169004577161
820.0607299804688,0.07880469188174831,0.40220016425187644,0.11480696854600209,2.8643645140202847,1.165234392181143,-1.7012469349272246
830.4290771484375,0.5890044079009635,0.3625835546077786,0.06285738091241508,4.881587170676753,-1.9517867611730808,-1.0184417238343575
840.1932716369629,-0.3244349767874926,-0.4093555195981917,-0.10982152794533069,-1.9061119730331808,3.718080319073469,-1.458357589697855
850.1784801483154,0.003800093426548486,0.19245704249661613,-0.3602309557787532,-0.03336589269784674,-0.45329736789249203,-1.4900807106340401
860.182523727417,-0.19176509210148834,-0.07018810147367809,-0.18608289272480433,-1.1140085033873421,3.5891658079959536,-3.23779383754514
870.0873851776123,0.10939685224580789,-0.0914541882647074,0.1835433548017445,-1.08795547021045,-2.4406237131827364,-0.7517548168390793
880.1350593566895,-0.13479192821701363,0.5083910113476319,0.3465368777283926,3.493850067818719,3.8989750344776826,2.519010426082683
890.0887966156006,0.44163154180841774,0.07991296114798206,-0.47093704760291183,-0.33208058064261414,-3.085693923486348,2.2275946477268107
900.0811576843262,-0.32796770172687134,-0.028656596348417534,0.02136890110427851,1.4815878250470682,0.15633468761843328,3.788222250086219
910.4466438293457,-0.010345375287353454,0.018006207766200173,-0.16934509706883108,-0.044794613706301716,0.16305976165604083,0.8086209145260375
920.100212097168,0.009060049431621529,-0.00022018820372867102,-0.031793836649600775,-0.675400145084634,-0.4700318714645432,1.791514144044583
930.4351806640625,0.5250471864575978,-0.4310065238444578,0.21182263081166786,-3.709129152269334,-4.397651109298558,4.613346612664613
940.0928020477295,-0.17165292918401423,-0.1900150259161695,-0.16833117273755197,-4.4262920862250645,-1.3969143073331507,5.607751650012417
950.0772953033447,1.3339925135004693,1.1504970111550465,0.6738163588380266,8.47577510115434,-13.133582976672304,4.62408385536215
960.0894451141357,1.1927447649434688,0.20375729719887029,0.13547092912343867,0.6985065943267258,-9.34044870602228,2.8874398557267433
970.0851440429688,-0.5152605587851529,0.2997012188863762,-0.4194634271492089,-0.3446052717167819,5.152793189739287,0.14325058613563282
980.0848960876465,0.028531831682637843,-0.35830315457828477,-0.8772266460057355,-4.967062784473024,-0.13790899082623947,2.0847341782254856
990.2760982513428,0.2405223744062434,-0.023441403930801213,-0.09032849252574814,-2.686806396014458,0.21196846106288414,2.7048477975021274
1000.1063346862793,0.3812903447194465,0.2304499825944011,-0.05633674434843378,-0.02789704411982338,-1.7853955262644727,2.6088014835634135
1010.0688934326172,-0.051176613832080706,0.5886869672237739,-0.2555468545383417,3.3062036415725173,2.3153493058806656,-0.6979080165606654
1020.0986862182617,0.19384575479414198,0.06677540785244604,-0.29446005245810264,0.7678459446673728,-1.317587174551198,1.3720829217923143
1030.0211906433105,0.30640471773771205,0.5746268613393116,-0.2634661046626981,4.376803642398355,-0.20227562808154753,2.0750383032710666
1040.0924682617188,-0.8517512406857303,0.27586211371006647,0.3413483439998559,5.425838433248566,5.137846237714589,-0.24417158534262226
1050.0786304473877,0.21901064438081955,0.344754622278061,-0.6807371539865121,4.709943470582709,-3.0313013063234155,-0.8917618999570833
1060.0881576538086,0.056825023234380566,-0.9329308319042094,0.8446879042435643,-4.987518480880993,-1.78119237609407,-5.448445414271039
1070.080280303955,0.1352857877010614,-0.08157902135516416,-0.06781266752502814,-0.8773064438690016,-2.3264032420492593,-1.3782435050448667
1080.0740718841553,-0.0012234109174729339,0.10720567807882689,-0.28659513266080466,2.1875052629424148,1.1836219283120366,-2.093092175910459
1090.0602340698242,0.10992246017451436,0.2558229643993436,0.31393010269155713,0.3461838056357646,-3.0015736009267076,-3.0346309537668565
1100.0938415527344,0.21676578392219126,-0.293558978137498,0.01589659474390209,1.376452974052141,-2.3657748337360607,-0.07857112587450467
1110.43381690979,-0.9905662861646611,-2.0677316339933838,0.042843427142362285,-9.020700056030016,5.371721600802543,-3.274376011822148
1120.0828552246094,-0.28461917261823655,-1.0292248649972835,0.04227080150226031,-3.8816032578663497,2.9444530998732095,-3.405275458794975
1130.079984664917,-0.40773890317754596,0.17734002135399132,0.9609731435258607,-0.031459654178107935,2.504519707492651,-3.2018704270812757
1140.1124000549316,0.02520548257588962,-0.07574690241504177,-0.3990085654861654,1.7183866743338174,-1.0356127177167014,0.5358805967728297
1150.0678062438965,0.5050998059401852,-0.11103580356439963,0.4348465318345668,2.6518823628101846,-2.7698352286187933,-2.865198949434154
1160.0894927978516,0.041350256052819175,-0.6623989615978194,0.6304745233207275,-3.7167432077684674,1.646930967357369,-2.6838099180936106
1170.0825691223145,0.032651304145380367,0.07704601875717343,-0.5789200170216077,-0.9244252969615421,0.7977620929495366,-1.0980365408684145
1180.1121234893799,0.045631290738567636,-0.00912585671981653,-0.00526331061670462,0.7355274380047131,0.4970802551165142,-2.6101482553995807
1190.0784969329834,-0.18745365019045676,0.06963523146349215,0.07271206999699391,-2.7144763738824724,0.5525431403300403,-3.182051047038626
1200.0935077667236,0.32282846171836754,-0.45092941225793587,0.38338233430673313,-2.537304577078968,-0.97301919436055,1.6180682046441488
1210.5307579040527,0.31431625194267726,-0.09986608483554116,-0.13077031787290286,-3.128854634986626,-4.100618573067094,1.4930523900651747
1220.090627670288,-0.2314332495895578,-0.07724280283911832,-0.25501875175401356,-1.0139041879774053,2.030239925396634,4.043585798390467
1230.4513454437256,0.023637246970713385,-0.01091137924298599,0.012917283805784613,-0.19753019071584538,-0.6393489467402207,0.9968531972757387
1240.0972843170166,-0.0007170208803781745,-0.11013634558509365,-0.02640152511477644,-1.4506641990405074,-0.6833613450495054,1.1395604988991002
1250.0927448272705,0.20445431233849304,-0.06605856204965527,-0.24072740901949835,-0.0162454868591289,-2.6905799651865023,2.3173715145437983
1260.0746154785156,0.6309398013886188,0.46167423956667264,0.12191037899738835,5.773430447321776,-6.36421499723648,5.445521552905986
1270.0915336608887,-0.23257998902925528,-0.9823747622543,-0.48095090097282517,-3.8405124761773375,0.4053351347971936,3.5817616455131263
1280.094861984253,1.2068175889641075,-0.4184077686980137,0.6000796660186043,-1.0709705556661304,-7.614387871428267,5.641837718113601
1290.0960445404053,-0.7164787463757755,-0.2510229403429726,-0.734509552543017,-5.377732273870815,6.654378564411739,0.6462597937300746
1300.1019954681396,-0.22147882568143834,0.455666777296301,-0.9260289388824009,-0.6701258827395551,1.321731195392814,-1.02998586474236
1310.439109802246,0.15514346909235863,0.6901009942962708,0.10873659089401444,3.3849138759694335,-0.32322273331899265,0.7895742081518868
1320.0857639312744,0.22863842040647905,0.11735670473853281,0.1351876504605065,0.6603601987235129,0.4655964464841049,2.805704008622592
1330.4548263549805,-0.1696674555503978,0.4974238980305021,-0.26047666736197606,3.196372631299993,2.2199354065781787,-1.035680822898232
1340.1174545288086,0.1945834004396027,0.09283688227016357,-0.137185126288022,1.2114546251656886,-0.7025334695040033,1.167627149431797
1350.083827972412,0.18918733098941848,-0.21211126497294572,-0.38924698954065784,-0.5401093551667873,2.2143967614440747,1.3270952694138858
1360.0654602050781,-0.8886007646915943,0.40842215596823844,0.44878515263162916,6.224333222775331,4.857472552779071,-0.3478849032451414
1370.115041732788,-0.11687472551934992,-0.7673727287067205,-0.09656827337555259,-5.7731697317829305,-2.8967400084376704,-8.32187599288863
1380.082607269287,-0.03204245620298244,-0.40665513852078883,0.6168913381637242,-2.1978140657722975,-2.3734290070138115,-5.34629943470106
1390.1035785675049,-0.03071272942051074,-0.17256363902470148,-0.14095079508393174,-1.2545692912604585,-0.033378529548000406,-1.3856940912258455
1400.0861644744873,0.10733872453977164,0.19981757001714795,0.09160926011143455,-0.24910296761177309,-1.6800576603013178,-1.65634588342689
1410.1314544677734,-0.2955271347218812,0.08645874010408004,-0.14758392837702705,1.0668531278594988,1.0812382402740386,-5.313221719712209
1420.076847076416,-0.16837109980665452,-0.1839819679277852,-0.2348284354520416,-0.574520629886721,-3.860773270587428,-7.512962930144021
1430.4356575012207,1.5113600470467796,0.823442704833999,-0.05962177514453615,5.7081678348806,-9.236479818611432,2.4489839618652627
1440.1288032531738,-1.1803813578439981,-1.1466692335849773,-0.027609669891898028,-5.178073305389613,10.121605721506311,-4.822253201201342
1450.0842094421387,-0.24906325001049845,-0.07515298921613321,0.64981820192626,-0.09564966628511569,1.5115315793131154,-1.4972222786203413
1460.0903987884521,-0.04294438750901541,0.03807038379277658,0.11614766894154635,0.7769814431600428,-0.9959507129552775,-4.483199952422178
1470.095157623291,0.3840470288731525,0.25858091786555887,0.15899244668244064,3.0343246336428575,-0.603357674952894,-1.6490350998259018
1480.081558227539,-0.16299986636280883,-0.14824698784383475,0.22142553018797734,-1.7123374841963008,2.6952999193840697,-0.9313047956840801
1490.0667667388916,0.3440319051233186,0.0504625380068348,-0.7959177474833584,-2.0904107438555157,-1.9271193264137656,-2.098662100531399
1500.0638961791992,-0.023171972029207608,-0.4470087060055394,-0.2117393407758085,-3.125744859981979,2.5582534264078642,-3.335358749466593
1510.070562362671,0.08401155560841726,0.12218776442367052,0.07090361543624968,-0.9875965138286761,-1.4420554839974886,-0.9633350277197935
1520.0846195220947,1.099280811029882,-1.173373530376221,-0.07906531050264345,-7.990684571911515,-6.406560928908468,4.963637413358627
1530.0722122192383,0.031723296013772787,-0.05286023182017888,0.19576428313524485,-1.5802831191593318,-0.47902254952851,5.926875976454103
1540.0874614715576,-0.7411314558594295,-0.4754328899829594,0.3363888805362272,-0.9652848605588158,1.1899553569128307,3.417581518605388
1550.086498260498,0.017731820543603696,-0.022760749166451575,0.038202523601928995,-0.864747162465764,-0.41973378133452244,1.0565587157820304
1560.0769519805908,-0.06732911573394339,0.054909377420700185,0.024929697858978767,0.4854021141999921,-0.5702932439759941,0.9723859824960225
1570.1003074645996,0.8201820598447245,0.20434685846917577,-0.009029073204179066,0.9777449886462136,-5.969150126315224,3.8894363448065823
1580.0883769989014,-0.3905076357093257,-0.5314198011741337,-0.0058612849903656545,-7.487815063726343,-0.07629150000921929,2.472306885165121
1590.1122093200684,0.0033668264196970396,-0.9528300910961482,0.6701521912734599,-8.847529410503968,-1.929525705326003,3.076764388143424
1600.0876426696777,-0.7064714052668394,0.6688692414707009,0.3367725380581112,1.8620029850441586,1.038976120744286,3.0373671726011406
1610.0990772247314,-0.34195922409282287,0.12525712776946385,0.2565470571637019,0.31214488968055093,3.331164984705434,2.4554952067672304
1620.0811862945557,-0.5477145254783565,-0.22612039201559567,-0.4380838321033817,-4.019957633569605,4.233239720529682,2.3875013214336156
1630.030632019043,-0.06811087780506422,0.2925334299049642,-0.024706139411691082,-0.26332967545265223,2.4027596239365674,1.8408676561998953
1640.063762664795,-0.4405421934271741,0.14691775503027057,0.008756449262999377,-0.2906731492519396,2.941177548277915,2.758044722281348
1650.0821113586426,0.04694904659099519,0.13613460761457352,-0.24026879953185887,1.1272999311239627,-0.9513677993160975,-1.5434862341059754
1660.019874572754,0.16462351089803778,0.14104166660460618,-0.3947230631955506,2.3993697498030326,-1.0652079237699257,1.4891769538746846
1670.1092720031738,0.13445603873904294,-0.13132111821589387,0.17279770838000913,0.7286515096144053,-2.0194670168934192,2.367936623005814
1680.07493019104,0.08965627900222355,0.2079823101830097,-0.7157581113937701,3.2419160956173543,1.419935068601713,2.7518799152819975
1690.0675296783447,-0.9042836741135885,-0.11115554100231025,-0.8437840599454149,-0.5143202920960358,0.4833066230609556,-1.574711124871197
1700.0625133514404,0.4892884552230742,0.0846228671425819,0.47771002724539424,2.1454209534610635,-3.4720525705275134,-4.640340831687958
1710.0706100463867,0.09646284540403319,0.00745860535976243,-0.18644597550377365,-0.23192692461686162,-1.5096663652237865,-1.1880384292810995
1720.1006412506104,-0.07283608120387033,-0.02850307831527937,-0.19394550837599564,0.6733916018524813,0.9045462248407169,-1.9190882235957065
1730.100393295288,0.4708171976151236,-0.05022375093582157,0.36979056409517214,-1.909607171967514,-4.590074017918385,-1.0396358724952446
1740.0829792022705,-0.22057644140531302,-0.043729835588629785,-0.5112993689670366,-1.9559370379120644,-3.087975368907989,-3.3541159337859865
1750.0724792480469,2.2337307326226576,0.19010827661620244,-0.4023451409998539,1.4429372403821459,-17.25446013692133,-3.0738315728103256
1760.066032409668,0.6297721151661331,0.9655329267419653,-0.3942004347122169,7.454042296967957,-4.714881583959821,-4.696351125116217
1770.496129989624,-0.197773217165584,-0.1306477823199781,0.8050255837172061,-0.840707315203478,1.126904924822747,-0.3876976498093878
1780.0636291503906,0.21110960857833236,0.41162450950003765,0.21938625458645036,2.781714117874063,-0.4268857883219769,-2.650211863135605
1790.0655269622803,0.4954645797379013,-0.3001566644718991,0.12579447840207356,0.9307376443449725,-1.5355567513219075,-3.1403345724421903
1800.0783920288086,0.20070670154517795,-0.2857975948484975,-0.08497639568749149,-2.2671105533678655,0.5323616279296104,-1.2170603093838717
1810.063123703003,-0.4180995758691057,0.06712262422504972,-0.3919891328754464,-1.3337567809080806,2.608710243129251,-1.744846140750894
1820.1308250427246,0.0855516005956233,-0.017945380810091997,-0.24667918098512306,-0.1754966763311702,1.7513793922803305,-1.8038322935876894
1830.063819885254,-0.011100603724814216,-0.012372661200523365,0.01794232007869651,-0.06543693031698564,-0.6220368934709195,-1.0376365552266749
1840.0940895080566,-1.5366658615858386,-0.41255837960444036,0.04833630511926785,-2.8011712811465244,10.792842537192536,-3.5360788006778168
1850.0628471374512,-0.12481251198328096,-1.1870759339911434,-0.33184799319402875,-10.948670841026647,-1.9110119663920042,1.4772467825182098
1860.0220680236816,0.7929645637487873,0.24446681617728588,0.23072861232210856,2.100929155200626,-7.880313000208482,6.818796887503632
1870.4590797424316,0.014860854494668459,-0.11280620063456481,0.05750969227770038,-1.3088902360360153,-0.9501396237871367,1.1302185214030784
1880.0833225250244,0.043439597591595165,0.05643222416132156,0.07400443647285104,0.25972570331432465,-1.7101335856403723,1.3202800866936635
1890.0806903839111,0.049533710762228636,0.025444898050386466,-0.33236036713295286,0.19483324553609652,-1.7613011892294685,3.7168590028342745
1900.0914096832275,-0.1584441630797697,0.8110462924829022,-0.20259542917978285,6.0351586318067865,-1.772491573366421,6.666773744966953
1910.1083278656006,-1.1943493885493721,0.159097708955529,1.0415170561616602,2.9369057207974376,7.070110340965563,1.33806833536899
1920.0751781463623,0.7175983394102569,-0.5555519018194809,0.9076328958565872,-2.5183734531764106,-5.501265665873563,4.739700911031819
1930.070161819458,-0.3532371282652035,-0.16213593975460536,-0.8710266984334687,-3.196257130114423,3.3985491185712435,1.8279795165596555
1940.0739669799805,-0.07205520389984339,0.20287494992735522,-0.9143311673913823,-1.921432324908968,1.1170212009961158,1.0181010197227311
1950.087547302246,0.06381798473914933,-0.11616411998199873,0.28072459044300085,-0.7563136746450786,0.26411373229072366,1.7836420335606562
1960.0791931152344,0.13420641561591873,0.27873734414881113,0.03623713386870514,0.6784100977269464,0.35645176223921055,0.8377156112732753
1970.0756072998047,0.24118607478207668,0.5256251457113471,-0.3187378020243079,2.6061098188487586,-0.9187187993168235,-0.3181819494423637
1980.0848960876465,0.24932831747794698,0.02661207467203716,-0.41436330447596553,0.7441767522897148,-1.430335437009848,0.771730706865782
1990.074872970581,0.47637598917733087,-0.016920707965495597,-0.2677650691692361,0.6960863186309824,-2.0632942487692425,0.5921970946488254
2000.0786781311035,0.43798982481806015,-0.04244870221584095,0.018910139603143385,3.2340673798760546,-3.208626646171142,1.4000479585437904
2010.434627532959,-0.20008721763934048,-0.4322840087253791,-0.2178306495786568,-2.625484079757161,-1.7399776113356504,-6.4464472143122284
2020.0841426849365,-0.09147525697652971,0.49592722851559484,0.16526136544501896,5.969041021714368,-1.2830430253215213,-5.059774770769217
2030.4298400878906,0.0812303574660782,0.01571639926337119,-0.16700254019000205,-0.996049891282201,-1.0553711176103542,-0.9007523623004514
2040.0936603546143,-0.0048734065766100655,0.03499131302003442,0.5547391854056162,1.4788896918408334,-2.1448980373502646,-1.543927517165225
2050.081491470337,-0.4868046638797001,0.5616762440114245,-0.4079494558611921,4.333439421960943,-0.6987816068264213,-7.153170431172035
2060.0671768188477,-0.1627689859207018,0.1810381258330602,0.26881823589119513,6.741369105814183,-1.3722463535938436,-5.901347281893408
2070.3866481781006,-1.8930501470470018,0.6287675418538569,-0.3744923664985799,5.015171244870496,10.118131953944516,3.8871979841033886
2080.092191696167,0.7185932021691988,-0.5920360420266545,-0.3727831527924689,-1.134088908481001,-4.399515566802598,-5.5786860911779526
2090.146780014038,-0.0036054853089051955,0.18433957327937459,-0.0403410119206197,4.263561620499994,-2.879007922151299,-1.7428694460077356
2100.0921726226807,0.6461252215930104,0.5353572867374591,-0.10410906203071064,3.9200139549725677,-2.61660616103869,-3.3008241263335067
2110.442638397217,0.30159600545606224,0.11766968093724171,0.2537702984887597,2.2004312881220316,-0.0571974914225929,-1.958752616915645
2120.079517364502,-0.07310542556667024,-0.23668094703712156,-0.041488829963311574,-2.758755434115806,1.1469668592309266,-0.7419866535993428
2130.063533782959,0.2431237616134669,-0.11103115775556033,-0.4420236843405237,-2.394733764066977,-2.144046850762936,-0.34559719567336256
2140.0976181030273,-0.08809505900608856,0.1861026952505028,-0.149263225700377,1.0300724656204545,2.712956750445292,-1.9164584394290705
2150.085210800171,0.08584044735111457,-0.17277029935841165,-0.027877657403394908,-1.7157169724772352,-1.1996690210006928,-0.2231550966636332
2160.09259223938,0.3720354902078958,0.6579074680199893,-0.4049090397186577,2.2731421044384432,-2.476348141715656,-0.4313109306205366
2170.0751781463623,-0.44153362341484714,-0.3400590101179249,-0.35606064828793094,-5.932066026479603,0.7558373041614659,3.8668103053381566
2180.1180839538574,-0.7682983170159583,-0.5849404600445369,0.2174253324580928,-1.6131843152969885,1.8611088169091032,3.7277118311297897
2190.0715827941895,0.03920036267985815,-0.032427267361112525,-0.06767830798217729,-0.259182440686752,-0.24421869059281165,1.2951730883871182
2200.096607208252,0.08075236438839602,0.12451196629328334,-0.005097308926301767,1.3333158261193077,-1.6252914963471783,1.6457520167679602
2210.151195526123,-0.17543203831114879,-0.33010574609882243,-0.012425209487852014,-2.91462957076121,-0.8186938753400393,2.917735165788456
2220.1225757598877,-0.06985575106408289,0.1616288431543897,-0.11532919372560752,0.6352787867558236,-2.479925761550682,5.424075120567922
2230.9324741363525,-1.89647396434781,-0.2369437760125587,0.7026144084979736,-2.0850045167788718,11.961853184110861,-0.5322603674299505
2240.0898933410645,0.8301622107790475,-0.7612390073583046,0.8057959938826101,-3.7121945513583254,-5.790214382174821,6.591727856338576
2250.079393386841,-0.9774025681489529,0.04660576008495334,-0.5576028294597318,-3.4899292021206634,7.576985730649442,0.03463495822264139
2260.082244873047,-0.2111519148267933,0.36325583378539855,-0.9747751381505912,-0.48546254097875763,1.7475865864583613,1.3301028460032251
2270.0867652893066,-0.2770760641850444,-0.08048669352854776,0.17610304504987398,-0.3345165070241246,1.1547563643574164,2.9839395956059533
2280.327320098877,-0.005510019948551411,0.2533598884862313,0.14637723424277319,0.2060875580035642,1.9151148283686346,2.222515449951657
2290.431261062622,0.27666995608895123,0.18093275413647975,0.0152657558059622,-1.5706592386099938,-0.13351648799220334,0.984155751518508
2300.0900745391846,0.17534718820892958,-0.061167982237544494,-0.1567410333198237,0.666971256608658,-1.6226343906977383,1.4949293437320215
2310.0829124450684,0.7183491533914046,0.4078177162293825,-0.4383302413022215,3.196870892734812,-2.1674860036961836,1.4802763532294774
2320.0812339782715,-0.9421907042644729,-0.3941852154676479,0.4706200008502938,1.4934162606932881,5.043902655623707,-3.009309494794802
2330.437660217285,0.42684181258366405,-0.5958148260096982,-0.5714740266273005,-0.4861065638843113,-4.985134680724771,-3.1971121183865088
2340.090274810791,0.2864983116285413,0.9549474262906086,0.3363295479923837,5.475207383495431,-6.261911504112706,-3.659117582863999
2350.154161453247,-0.014944497812088234,-0.1635357882372493,0.11589933701562985,-1.2026592961727263,-1.0612826686266403,-1.3364675634700114
2360.133171081543,0.10548872031585523,0.2806269002755711,0.551698050194419,3.0313391137031553,-2.5732542773184237,-2.1654801491555533
2370.07474899292,-0.00893713558605229,0.17691310716245714,-0.15061617840065955,2.5739665523456265,-1.4540626926188402,-3.1392973346543065
2380.0692558288574,-0.6337699868652126,-0.07830746840691247,0.26011264979374493,2.9529085000981476,2.2728999346183287,-4.307743325089144
2390.0818824768066,-1.6520499890309042,-0.2147520884067497,0.8152005115939889,1.80857564565427,11.030234330498693,-5.462625704666538
2400.0823497772217,0.8910722161914364,-0.560368974055933,0.01511953475655938,-0.4682241797418588,-4.582736212967601,-2.1507525724743557
2410.1269245147705,-0.15501932345090613,0.27827337291005494,0.7880831192350805,0.7505658211730889,0.8427700386961855,-2.3321035244396215
2420.074224472046,-0.38481963376117095,-0.15889059842230818,-0.2257255795502806,0.29708081700259764,1.229912980180719,-3.420901364830316
2430.466651916504,-0.15739010533794573,0.014069525683945892,-0.2617358941516311,1.9840482456907755,-0.5742226290745132,-0.7928757681480787
2440.072536468506,-0.4530657933928058,-0.08240417765689673,0.3743416840970818,-0.6176413017680182,4.161359231556605,-0.8506765706843656
2450.035333633423,-0.06840160039184992,0.03793060622387019,-0.49018094448912114,-1.6014533947406113,0.6994689708140336,-1.1010054878386302
2460.0865840911865,-0.007175783149111892,0.2668772225856428,0.11504849745709071,1.6626713960196224,0.9443912294504566,-2.2946956905128175
2470.095157623291,-0.05386655903471546,0.05269551194782722,-0.062418054970482625,-2.0610265344326772,-0.3807084806102196,-2.447465404525535
2480.12113571167,1.9160679413757327,-0.47383027664292676,0.18867443494411745,-2.2653451553881,-11.147603543905573,2.6801926838280306
2490.0808334350586,-0.026598077844194993,-0.5912778372702064,0.20260660600791236,-5.092332902374203,-1.9813681704871349,-0.1676271388625025
2500.072240829468,-0.08134647142320496,0.26034229218719784,0.14257281077232004,0.962652781625229,-2.760210685275732,6.642481610901104
2510.4305744171143,-0.21242473826694766,0.03787779532016029,-0.042993202892068066,0.905494163679828,0.4349932937486594,1.3332292314939844
2520.078182220459,-0.024690357417733677,-0.02755613054036875,0.12409984303150595,-1.4992060890168766,-0.540816255937332,1.2312663299319588
2530.438184738159,0.25554623551401456,-0.061822172148714806,-0.3716668330835964,0.25693868071581616,-3.890114285868326,4.587849794730381
2540.081262588501,-0.6775818087869518,0.2710971364350471,0.703239688722511,-1.3347420269052532,3.3703409396937647,9.613910771750728
2550.0917434692383,-0.501970891203564,-0.725423572870135,-0.297722932813003,-2.1209485051120356,2.5697013809398586,-0.01195146829443743
2560.0781440734863,0.27045217561384527,1.553544197648778,-0.08840439296570075,7.161093332914646,-2.074200525751108,3.4917095473494606
2570.103168487549,0.03422751203355803,-0.1179581118834627,-1.039656816151647,-2.944413466684344,2.6269165802098713,1.686188905552425
2580.0716876983643,0.0061814393701613915,0.14688999585349813,-0.42746919999202215,-0.749890281175402,-0.2729173024358395,1.1084694236856543
2590.0938510894775,-0.26752001369531386,-0.03646418761497149,0.4572373795752937,0.8372326409898917,1.4989337995989447,3.229020340102059
2600.1060009002686,0.2654725751012706,0.11758769147774653,0.13963307049535906,0.6800998121667513,-0.1453475560550058,3.1657563008497047
2610.133409500122,-0.23471981231455066,0.34633007670733534,-0.25779916204720904,3.8090171343088524,4.0959877333615555,-0.5819461143185944
2620.084047317505,0.03296341120892284,0.38985950473323644,-0.11372077468771859,3.0592163959402914,-0.04583652544049402,0.5559594855695258
2630.0649642944336,0.5661404254856072,0.2125357468365681,-0.3312200399098969,2.413756706785012,-0.5729117856604049,1.8952110984454436
2640.078067779541,-0.8941129699836038,0.2160901939023366,0.09250311873432655,4.127396264884118,4.546176029686135,-0.5781056592553603
2650.070905685425,-0.3595378892640052,-0.8669456867650337,0.17113461511265776,-4.73025335862416,-0.5184019446734968,-7.672014499902478
2660.0875854492188,-0.4233574653333693,-0.045706227072395654,0.46520391315381243,2.0565102548706764,-0.19831525112365953,-4.817295372837323
2670.095205307007,-0.024675213206416444,-0.13106453263228177,0.02460231840231391,-0.9504427456187785,-0.647493577994606,-1.4277258399143258
2680.088520050049,0.01612084099599777,0.048616263560808864,0.4305058707247386,0.9247714659950064,-2.341507457516913,-1.472720235906258
2690.0877952575684,0.47834466786809093,-0.09512381762472652,-0.1644314320262565,0.47495720105138384,-3.6223089019581862,-1.3284623752612852
2700.080633163452,0.14497836119240237,-0.3353449898000192,0.43900697557916574,1.7839032211837111,-2.817533776109031,0.5204735283426852
2710.0749015808105,-1.8924718814074746,-0.4852081282330616,0.9174402921078473,0.2946630392888617,11.558154605820974,-4.871009626876471
2720.0820446014404,-1.3763047990118067,-1.0579562351074838,-0.09798301595867454,-4.130436812334843,11.568719581551584,-5.070973749339884
2730.4348945617676,-0.3395003093987987,0.4540311649574134,0.7634519286627593,2.237603730232465,2.4129383503717214,-2.0788031967233747
2740.0829792022705,0.47369361608035465,-0.08800253362748954,-0.07673947353341899,0.563247831101847,-4.95778809617192,-2.915344731442221
2750.07700920105,0.153819641799308,0.4848847411706684,0.06185581830936642,5.4326671469651915,1.362875528938899,-1.0490325335998851
2760.063886642456,0.008027141687642507,-0.07321870076577143,0.17671105512096036,-0.2716605923865045,1.3722918925249021,-0.4187889657545165
2770.0774669647217,0.3401630499742863,0.01803035596773079,-0.7089373887184581,-2.7955727125817185,-1.3235070355001184,-3.147431189257905
2780.0748348236084,-0.0387495660295601,-0.4855979947565302,-0.11415268171688146,-3.73982325468509,2.090941253956671,-3.179958069513524
2790.0638580322266,0.32724811721039077,0.03382078178675219,-0.042347616793768236,-0.3453298146806508,-1.9395355475433318,-0.4213796857344456
2800.0645637512207,0.4245863380462946,0.3602986732884831,-0.2895397907421426,1.4689693299026356,-2.4004394644833944,-0.9197084003689846
2810.061454772949,-0.40080926035812153,-0.17557922228728273,0.3485196939343419,-1.8333501247264028,2.7474680851328572,1.7406776278053435
2820.1045989990234,-0.1113754040619478,0.14606533039428762,-0.17013056390675846,-0.2777628966871241,-0.9115472274089679,4.612876232335601
2830.0583362579346,0.003669316721470037,0.0031159496159911333,0.2747420454649906,-0.1579160227788158,-1.1004559505553775,1.2968641096560587
2840.059518814087,0.11359457188461311,-0.06609298668029402,-0.037579172357239427,0.08160255678513852,-1.8985324171979372,1.6792082151107075
2850.0587940216064,0.2549463665507461,-0.23304970031177252,-0.06875877742862721,-0.7452748389184054,-3.7562258424151302,2.5105770543699135
2860.1033687591553,0.5616154451927857,0.45172246370706376,0.21195927886869784,6.922317197997879,-4.727356737455888,3.128414424277599
2870.0597286224365,-1.3267311236638495,-0.7463010718293616,-0.14048887788044304,-2.092899528036518,7.812860836194393,0.7716181225978739
2880.10311126709,0.5514641746750116,-0.48767305809276984,0.8185860900738596,-2.6065788360736972,-4.138710522666986,7.08336658435987
2890.0604248046875,-0.12206568532302735,-0.28692438794876396,-0.8588968635940127,-4.335525971637476,1.3935595800253033,2.9750655911221155
2900.1052379608154,0.11778609815376113,-0.12199707054066165,-0.17553478071753165,-0.8614408722483244,1.4281782966753194,1.4670275912756492
2920.064926147461,-0.5014727485713938,0.23133291137361736,0.2827889740464041,-0.11203419288617511,5.200185723491303,-0.3003688303704583
2930.436611175537,0.2567076752182897,-0.1723064625542316,-0.07583343763904048,-0.9977234954575726,-2.5380185184696376,3.1348349664837083
2940.063953399658,0.3882642852948895,0.1387654735105895,-0.4635716804376403,2.0597688239399847,-2.8786782479276845,1.1312376105231885
2950.0648975372314,0.886387171214259,-0.22376206877473667,-0.28460638257519383,0.8478913269992014,-5.216887153031248,0.2820650000846944
2960.0651264190674,0.3471797407449299,0.869380719000294,-0.26958121151190206,7.903846423043432,-1.6796731555289657,2.064560675624683
2970.022201538086,0.013950179044221654,-0.46745408846777503,0.10184630301514772,-3.2413978315681655,-0.6282876604393383,-2.2892549137501157
2980.0596237182617,0.6940918472599235,0.8276183678231668,0.017600875013708748,7.629025689582026,-5.398519526586464,-4.571736532092814
2990.1511669158936,-0.08072187275070465,-0.02998233386300309,0.0034212317800073025,-0.7730499196138483,-0.7674428691652059,-1.1666765469122478
3000.222682952881,-0.06771876653681322,0.04451386116284593,-0.4056115197801184,2.047161108572724,2.1185150579542196,-1.9099026529130165
3010.0955963134766,-0.6488769254146297,-0.09922303110948887,0.3616340400703801,-0.5650289735589433,1.5113645959376685,-4.84893094560061
3020.1029777526855,-0.7200077790538897,-0.611956963943659,-0.28831073669885876,-5.68854199685814,0.23861021138599942,-4.919054368411256
3030.1032066345215,2.0370514783833014,1.5222334438324383,0.10872809337825055,8.671391496876717,-13.2772794541594,-3.1103148470087176
3040.0898456573486,1.2535462910320996,-0.579839155597578,-0.32088118626267714,-1.1308638949071652,-10.092694753055207,-5.039731119463388
3050.0869750976562,0.15324280491794998,-0.4851979956176859,-0.13012854909128732,-0.8643915111051063,-4.402284653327546,-3.3171436553802134
3060.042142868042,0.13152941052283018,0.23890210949372995,0.16200994016655676,2.8946767472066575,1.7174661757801588,-1.4151479846548873
3070.075035095215,-0.3840108753513374,0.17024083777578852,0.44467788245145706,1.609050783478694,4.0194774770331625,-1.9670202870710192
3080.089807510376,-0.027573935305738626,-0.3929752355022433,-0.12460693650533612,-2.580179621357798,0.3258968871485136,-0.942804288680889
3090.0609493255615,0.420219255852684,-0.20346629323739035,-0.1979964066993838,-2.2514621154722922,-2.6712583963791605,-0.6741044427554581
3100.161552429199,-0.08989360605121256,-0.33560127837700965,-0.10298590491676986,-2.215752430973348,3.060552894473736,-2.5890737691433525
3110.427141189575,0.2563356728615152,0.13496747476231974,0.037001444456016545,0.2698347551224317,-2.213823413608923,-0.027341923112083843
3120.176076889038,1.3067722818172278,0.4931215789123326,-0.5497612543828934,2.138618104331602,-8.49048778373506,1.8163860913107768
3130.4357051849365,-0.25441981132723596,-0.32288025967317846,0.11843330684613067,-3.0722178608018003,1.5664986666835896,4.243118392117361
3140.083074569702,-0.8019382155173717,-0.5250158100528126,0.12264313497594158,-1.2545481662736975,2.811877531984691,3.8312506466997567
3150.0964164733887,0.05842827435705331,0.0025626075215961514,-0.07979856670287518,-0.03741709740701309,-0.1823091265904735,1.0371085868769232
3160.0842475891113,0.05846621617136917,-0.07732279141189938,0.000788777680162103,0.01101474380008142,-1.1790518811723656,1.1863366438669145
3170.0963973999023,0.17915594797605847,-0.022075054668690756,-0.27389184368909153,-0.007108959785632572,-2.8171142464400254,4.145393906354074
3180.062770843506,0.07085448428826242,0.2513374641024995,-0.2311373653403269,2.4737871286506596,-3.2686759701634673,6.135506774021149
3190.091133117676,-1.1678160644014617,0.8457381102784639,1.0263405148920623,6.951580169317772,5.715567779869398,3.241049261470645
3200.073719024658,1.4754234088459042,-0.6722674067785575,0.49216597104961257,-3.5246403441049434,-10.29138359473947,4.0226130384653365
3210.094928741455,-0.24338613726300792,-0.31805584355720856,-0.6756591567433868,-4.208882491991532,1.964999547809067,2.352081953091343
3220.073938369751,-0.1630564070444092,0.36125598815768095,-0.9253760995697626,-0.41233788501493396,1.4130323470877488,0.9745150385096876
3230.4506301879883,-0.1589107229657122,0.472768021518346,-0.03932228858761231,1.3250562783134385,3.1313486433577835,1.035534211050643
3240.065574645996,0.019860620193658553,0.15377438424294376,0.05003568321662496,0.8621480043713953,0.9597088301070124,2.045738456234311
3250.068187713623,0.04339242356092506,0.5534295237652241,-0.21199452261233526,2.5500397708146143,0.8922753399934598,0.2360494015360607
3260.066509246826,0.18839240683538155,0.026327267206599926,-0.31114497780904166,1.092247562921679,-1.3153264007904217,1.6607729171886716
3270.090103149414,0.41071760134410723,0.011253759097235545,-0.20529443152118437,-0.17880555519579613,-1.1187523838130702,0.8011918441300061
3280.0726890563965,-0.8324921870826616,0.30413846654955595,0.42162307797128673,5.723620257785058,4.9155791377010525,-1.3145880673401529
3290.133476257324,-0.4464238061760007,-0.2137716007682943,-0.5190785976644183,-1.5542365513476333,0.27089746669929393,-5.208273041846872
3300.0857830047607,0.5238360278448633,0.15638292149378466,0.5271246133412685,1.8129638465818703,-6.745720621734434,-2.5413330623447727
3310.0836277008057,0.031172805182945386,-0.07166432442747575,-0.3198799050343227,0.04765050119801504,-0.7323277637852792,-1.1827678060487319
3320.0931549072266,0.0023624782071761568,0.23282359698669533,0.4184358905355031,1.146426641702822,-2.0494889558078193,-1.9190507444864433
3330.0726413726807,0.35329214014429894,0.33188688230314833,-0.9299647018073209,2.0282484365973334,-3.6183922037319887,-3.380386025654732
3340.0638103485107,0.15215966241190543,0.5231385593793442,0.17388618449970092,6.714620451865596,-2.314693755991806,-6.108525601404458
3350.0680923461914,-1.1238915206508528,-0.8451663756582268,0.17646026585604815,-1.1561686964973252,3.4830239138442116,-2.0449679147607167
3360.0661754608154,-0.4110964942545034,-0.6557980394544352,-0.43433437986901263,-2.750505196685928,4.474186801899304,1.2397574616166704
3370.262384414673,-0.36370467019199393,0.21382221069661864,0.7691023795947848,1.519498525574519,1.4926827762669153,-3.4034919496640614
3380.0368309020996,0.8025280988053827,0.2094173961565201,0.14336643122360732,2.5991355249917554,-6.956163850624568,-2.4755528236370465
3390.099287033081,0.7127464017228117,0.5879957202653816,0.26215341980753654,6.762017134331158,-2.4357503503755233,-2.380233594413606
3400.0630378723145,-0.46200268199440436,-0.005019702659264657,0.478198490588085,0.004573726895393463,4.475628140643796,-0.7353436815711081
3410.073757171631,-0.28360184990592896,-0.1301813506158407,-0.467710183208865,-2.8353568808561933,1.6712293198039583,-0.9730004297948344
3420.0656414031982,-0.09067666869869756,0.40876901905928165,-0.2856362889891017,0.69623047001319,1.4881711049971278,-0.9280448447523845
3433.224678039551,0.11682073596830995,-0.21467220613107527,-0.5244469517072271,-3.344466560689357,2.4021009632941457,-1.93588615840298
3440.075159072876,-1.6936746104216214,-0.4309154022129444,0.5383208313135466,-2.307051309786031,12.445642686790022,-3.0889628221333183
3450.073480606079,0.23907845639372172,-0.27782513364308836,0.0635084569436367,0.6246499483487944,-4.033413643617615,-0.643358711209707
3460.0818157196045,0.337953920975432,-0.13297464161725797,-0.14293702842922248,-1.0045886378179372,-4.187903448031565,5.679680601086987
3470.0798988342285,-0.020169332002558073,0.09536295797730018,0.012718670788327655,0.5259927211062665,-0.9770168034432483,0.4419634857878991
3480.093479156494,-0.05062655444245101,-0.06555988167918077,-0.13652937318410624,-1.0219884268432657,0.12498015502606649,1.8691304624110534
3490.4422760009766,-0.1975234127121013,-0.17561090820423159,0.24254780949920277,-1.3764788730295467,-0.37169440467723963,2.902001712092232
3500.082015991211,0.038440457169703256,0.15596519574920792,0.015896644766069955,-0.380230478153381,-2.428272348920176,6.507338133141196
3510.4384422302246,1.6341819299867697,0.814403458371433,0.4420680727617215,6.74693675755287,-14.25108837036853,6.127407634802039
3520.122528076172,-0.11397832632444736,-0.11416233599527692,0.8030232776241076,-1.0895858114634,-0.37290684198164026,5.262443910739716
3530.441999435425,-0.5727289390049783,0.5341579521146504,-0.12668479170381902,1.5204852534784137,5.058442567889437,0.944272026624465
3540.0805473327637,0.04405512036701584,0.24567731512268184,-0.8758569202472951,-2.246989223888133,-0.12507105781059583,-0.23692472381937804
3550.079107284546,-0.13223064940925106,0.1084612063544464,0.6107382394780364,1.8508121256966115,1.3062750614687777,3.4769687741951065
3560.0810050964355,0.20453254075624283,0.020991605776868164,-0.15650806132582326,-0.5279377455644039,-0.279665533610777,3.689407074722313
3570.082426071167,-0.22257519905087972,-0.023905156322572993,0.24256901889837207,0.9539613142846551,5.731227035058769,2.9824868236697215
3580.0797939300537,0.239698518680875,0.39714095345916506,-0.22883383513157896,2.8425113076660184,-0.1683253389022259,2.5366884978069297
3590.0774002075195,-0.20863373636940633,-0.2979254225484685,-0.25127666215747524,-0.7375565497270093,4.735518620105411,1.3062837215565868
3600.0940799713135,-1.0617461802867292,0.1384297497310497,0.19993660089193765,4.94082712974046,5.354393337224472,-1.0391416159602394
3610.4400157928467,-0.19274523271115432,0.12843868771136405,-0.5008654481898138,3.8315103649216304,-0.7820443555931753,1.956971924658059
3620.098114013672,0.26549019540989643,-0.04489971653372999,0.5760406785123283,-1.6786144019561346,-5.161088937962753,-2.7357066072846936
3630.4426193237305,0.010271567578687607,-0.21475910714217644,-0.12413312027866959,-2.192812493022493,-0.8360914946538371,-0.9112733310288935
3640.0859355926514,0.0809041441512014,0.057751368128907035,0.6924663550308694,1.8929784183846874,-3.1749353436394903,-1.5331533237175736
3650.108814239502,-0.5611054629387622,-0.1943763149174659,-0.41696704585146355,-0.7094060714201483,0.9399026746749878,-4.242774380289886
3660.0639820098877,-0.269226163543644,-0.424803390485376,-0.45412142370653164,-0.5139047079255202,-3.3490928421248505,-8.29245457947845
3670.074462890625,-1.377180943534508,-1.041121737221896,0.718890477659973,-4.213766553289894,5.893781591577816,-0.09974355866177324
3680.067539215088,-0.4565931909713083,-1.6162707268228627,-0.2606650070767104,-7.683615988099539,5.930853654829298,-0.651231978456266
3690.173387527466,-0.09183046126406225,-0.464252672851623,0.7238999539122974,-2.3520776386793654,0.4278441192664593,-2.018735636524482
3700.063705444336,0.09399962255080282,-0.3852394072882442,-0.07694439247041085,-0.33966968758553157,-2.0223798483704614,-0.786638394615102
3710.069417953491,0.766608946478557,0.6283984939313711,0.3125996287029531,6.789596593960058,-3.0497345033144017,-1.6604906452218673
3720.1223373413086,-0.5324965314635367,0.07269768862373638,0.374226404884881,0.20163801426624922,4.38888091019217,-0.4880817110666524
3730.083465576172,0.18653103820020625,0.08938579976149048,-0.6395192534634444,-2.4167070986573402,-0.24202747265643396,-2.4415658213129072
3740.0619983673096,-0.07406695792989522,-0.1392026797631592,-0.08790142319433288,-0.4137470344944125,2.117424155759387,0.10441591676662859
3750.1208782196045,0.17955662554055418,0.3614906421470754,0.0003551323806663308,0.725767190773039,-1.911711673349535,-1.3012442538882496
3760.0691318511963,-0.4100942626049597,0.04452025774756003,0.3389278994792956,-1.7445222909834484,4.104623919953881,-0.283457711029263
3770.0719833374023,0.4040986337036706,0.5624716027330448,0.08347457076290987,5.4695855327378755,-4.632920011823236,1.5054803726569574
3780.064821243286,-0.24356982178974648,-0.012701250568373176,-0.8554900913469001,0.8680090861467036,-0.39717517487474674,5.837225231154198
3790.468454360962,-0.11257662076882188,-0.046212585845635465,0.08458846439664156,0.4494512978409162,-0.42949342517379674,1.250067468104967
3800.065279006958,0.20852239952930943,-0.08442550780570672,-0.061318105016039764,-1.105497012680315,-2.137730467215837,2.7547022816684787
3810.0860118865967,0.8742931710052981,-0.6841558846581268,0.10543605009949238,-5.671676579020048,-7.79218243171599,3.3323454140751796
3820.0645446777344,-0.3875203743729053,-0.1548195974402144,-0.504203186718905,-6.680131536488385,0.27297458407080116,1.9356337746814674
3830.061674118042,0.01761898616485674,-0.1274959105346981,-0.13089188424632553,-1.5374334611306866,-5.546775005693292,3.11110847058639
3840.0633335113525,-0.012333103044908783,1.0486310744390168,-0.20300305357283902,0.5854705480836513,-4.114395659778621,0.44567805068657734
3850.07381439209,0.3418861760958313,-0.30276165014882245,0.23924083460334075,-1.5603545938728136,-0.4521796819531598,1.5946668715961825
3860.084056854248,-0.5292736782220746,0.31553278168568505,0.1586298453668369,-0.6033016501249003,3.8450054547882755,1.639916105522238
3870.0881004333496,0.024932198967371377,0.34168871984100596,-0.033881558720692546,0.03221281920114502,2.2763237175288973,2.4070740046499606
3880.086898803711,0.24993041868045585,-0.20465008659792439,0.19880424907826855,-2.4773616064682673,-1.4313297338930162,0.8014695109309825
3890.432119369507,0.22108655496752727,-0.09416061889803493,0.28068969060176746,-0.8668327023197834,-2.8653793324978136,3.989868758741847
3900.0978469848633,-0.31298667522670914,0.162570469821195,-0.43771693513411375,2.5780581124387076,2.3727573187230493,0.9314389176216337
3910.433530807495,0.8800572097749737,0.414814038598554,0.2178413074267949,5.235917839806144,-8.09770077852406,2.4966953494207105
3920.0687408447266,0.3461381166382027,0.34271040386107315,-0.621031829316121,3.9405571464048825,-1.5039412374479284,3.864936127901626
3930.0618171691895,-0.31564633200670944,-0.6902968404625685,-0.4342215392374946,-1.3468640395282103,-0.3378044359795767,-4.946091656521121
3940.0758743286133,-0.023630984820575397,0.02368459607897094,0.4750421199340839,0.3524258718733629,-3.244172114145799,-3.536458806581447
3950.080633163452,0.1026893484946584,0.03596450992752544,0.276289412447016,0.23066271436873434,-2.6209425452531665,-0.7878760399657145
3960.097551345825,-0.18635426923817322,0.08995697475872473,-0.5540979449831483,2.063058253560473,2.539355570373314,-2.019875363481524
3970.0639247894287,0.06998188508670754,0.057466576295397316,0.33603705587141003,-0.27165618730934793,-1.9587398956530833,-1.6614576550124722
3980.062484741211,-0.9635597460560985,-0.09052828106414959,-0.8139899063514862,-1.9798150947252031,2.492440682670191,-4.463775412982313
3990.065574645996,0.16769419045212267,-0.9051694103869756,0.07206646201399561,-1.4328629227168408,-6.530026603401486,-5.796144694630438
4000.0810623168945,-1.3496704801070027,0.4065481379773675,-0.09112481730048494,3.2373619211368205,8.625198841738584,-2.6209029620864683
4010.063409805298,-0.1514869205292329,-0.4156623364056891,0.1521490608387063,-0.09023451025151029,-2.232630001071842,-2.9283272347757285
4020.0889110565186,0.5858777254035827,0.21764296327849006,0.011212153159124496,2.377917152232781,-2.9466909165853274,-3.1467512222983633
4030.0755500793457,-0.03937121026777168,0.19374886498139784,0.4510762054358834,2.8413075492077398,2.1936652240442545,-1.5145436016226228
4040.0736331939697,-0.178657739689793,-0.3359043501864839,-0.06930113027802219,-2.115408393703136,2.989426749171025,-2.1959378718171245
4050.075054168701,-0.022811180890803008,-0.12709494534273724,-0.45423541172152476,-2.5662772166102608,0.5406776445102135,-1.0896616732073334
4060.014486312866,-0.15328019961480496,0.03009833214386673,-0.12182097687789462,-0.36781826817639907,3.4700169027748426,-1.6828488128550594
4070.068597793579,0.3205742815045913,0.14271129401763322,0.33048314772333937,2.0977548766105336,-1.6644242415616421,0.38502217977157527
4080.0652503967285,0.19963499848364408,0.14506479011929443,-0.284643051950615,0.16435391642439864,-0.8432051440177056,-1.099938243002806
4090.0633335113525,0.4927966442891215,0.2566861219167163,0.45912393124559714,4.311660786153401,-4.121587843946016,5.277731723195315
4100.15344619751,-0.16930808379100598,-0.5296338784736214,-0.19480277890948927,-2.7825819305794313,0.3414368550994846,5.238728944952087
4110.066890716553,-0.04673662120244007,0.1333054663507337,0.20207074978756717,1.0141501188392648,-0.8930574365878282,0.8711524510370636
4120.080471038818,-0.03138489292186751,-0.11692712061378951,-0.26450508697368563,-0.9870809759876354,-0.5584708985287107,1.2450405497479895
4130.062818527222,0.6426264585792179,0.04156343490027758,0.0325943414017387,1.0261898512488772,-5.718254292300764,4.378148710354431
4140.172958374023,-0.1948407332293471,0.17458813307562812,0.19440597181023114,3.4728314125545854,-1.941280523973072,3.7266258248546356
4150.075197219849,-0.27070867053227815,-0.9496502444134971,-0.702501227090437,-5.1668534988388055,1.2780465610856098,0.6207487444890887
4160.06326675415,-0.7654820564603404,0.7150957866275527,0.7125164748282793,4.4208330294863964,4.095438117918666,1.7800376581186002
4170.066833496094,0.047498921523880924,-0.3980169572945193,-0.9423575969747405,-5.167793768654309,0.9488417736311291,2.7146343438885494
4180.0596714019775,-0.034830816894480796,0.07359814079362842,-1.0608546727057262,-2.8486777497649807,0.7141480572562694,1.97432216672613
4190.138339996338,-0.008941024809602812,-0.05133675980245934,0.15425483153323621,-0.4545493758580487,-0.03023692793905768,1.4528005301532096
4200.5650997161865,-0.2690321932086408,-0.07583836482257393,0.002159175611483072,-0.2956850890960307,1.2702851746702235,-1.0981115616146506
4220.083951950073,0.10307633249070461,-0.09617452075491892,-0.2387695726336202,-0.016287077165312545,-1.6204754183013124,1.79146968996929
4230.06272315979,0.3716295290519207,0.35838573805102314,-0.07635843592257625,4.1893109905489005,-0.20582940297443528,1.4351947936100629
4250.433683395386,-0.09898427842871606,-0.4267634559841092,-0.0796049496494324,-6.2062668696050585,-2.4964338022633243,-0.07273632449563139
4260.446071624756,-0.06351628853929106,-0.5834402452084833,0.39146306536807274,-3.158374276302538,-3.9299444932955385,-3.2242265219208877
4286.935567855835,-0.20856331140984155,0.42621440954337847,-0.02173325944852805,5.462244713951477,1.5847233306359563,-7.14937041903151
4320.092439651489,-0.20389452988998713,1.581233634140087,0.0211279349425782,10.981971695527129,2.584958704884152,-5.621862891057965
4330.072641372681,-0.20354868287422834,-0.020989517351360357,0.9365709950809781,-0.9744888268937331,1.3130166553273181,-2.0583566137291105
4340.18087387085,0.054311962670041965,-0.09196576184894585,-0.49006469297103283,1.2851272645991767,-0.7476976063433851,-0.84547195795525
4350.090265274048,0.62860880900972,0.22033536894650604,0.1383608129309785,5.507330437916365,-3.754311190792036,-3.6550140111978626
4360.070705413818,-0.6444559943573263,0.08006404997959397,0.3915502821441085,0.4228352120162945,5.227159102028965,-2.139427600568412
4370.061874389648,-0.19033097843386568,0.0842870995936453,-0.4739369645477989,-1.6582306874477044,1.2335907193847009,-1.7972731555863894
4380.0835609436035,-0.2541184152603848,0.37207316315305944,0.043545366339133036,3.156280192036973,2.666827882950328,-1.9520322074451897
4390.096664428711,-0.579714853636851,-0.10796967915397471,0.10176996918700533,-2.9938542393850884,2.879683734144524,-2.1155829179203867
4400.100231170654,0.08813827503272732,-0.05883074959320621,0.45447288258424634,-0.31078427733581626,0.41788945775304276,-0.09101003518357721
4410.0799560546875,0.12148778234421705,0.7171273650680013,-0.09767829341766118,5.3574811618765885,-4.178217852632639,10.471949161152832
4420.062065124512,0.33035935848983283,-0.13134509759260793,-0.5757701586285838,-2.1162617968977777,-2.5127550820859055,5.903830923170279
4430.070638656616,0.06699956343936248,0.026728735746624814,0.104183535659486,-0.9194718955593799,0.231441659566528,0.9275970369266158
4440.078973770142,-0.04299555706034261,-0.09624193813164164,-0.12468623102053823,-1.060821320425311,-0.7552641470358307,1.7485689249170269
